结算ID,结算简述,变化属性1,变化属性2,变化属性3,变化属性4,伤害流程开关,攻击力继承百分比,闪避开关,伤害类型,暴击开关,反弹开关,攻击强度,负面状态ID,负面状态时间,对应的卡片结算ID,是否进行驱散,是否进行净化,指定Buff删除,是否进行更换AI,是否进行更换状态,是否进行阵营变更
预留,备注,变化的角色属性,变化的角色属性,变化的角色属性,变化的角色属性,是否进行伤害结算,[百分比/100+固定数值],是否考虑闪避,伤害类型(1物理2魔法3真实4治疗5百分比伤害),是否产生暴击,是否会产生伤害反弹,攻击强度(减少多少硬直),负面状态ID(StateNameToID.csv),"负面状态持续时间,单位毫秒",进行卡片结算的ID,0否1是,0否1是,0否其实数值为指定Buff的删除,0否其它数值为更换后的AI文件名,0否其它数值为更换后的状态文件名,0无1敌2中3蓝4红
Count_ID,null,Count_TargetProperty1,Count_TargetProperty2,Count_TargetProperty3,Count_TargetProperty4,Count_Damage,Count_Power,Count_Miss,Count_DamageType,Count_Crit,Count_DamageReturn,Count_Strong,Count_Status,Count_StatusTime,Count_CardCountID,Count_BuffListDel,Count_DeBuffListDel,Count_BuffDel,Count_AIIDChange,Count_StatusIDChange,ChangeCamp
index,null,count,count,count,count,bool,json,bool,int,bool,bool,int,int,int,json,int,int,int,int,int,int
,,,,,,,,,,,,,,,,,,,,,
0,测试用结算,,,,,0,[0+0],0,2,0,0,0,0,0,[],0,0,0,0,0,0
1,通用加移动速度Lv1,T.SpeedVar=T.SpeedVar+T.ClassSpeed*0.30,,,,0,[0+0],0,0,0,0,0,0,0,[],0,0,0,0,0,0
2,通用加移动速度Lv2,T.SpeedVar=T.SpeedVar+T.ClassSpeed*0.60,,,,0,[0+0],0,0,0,0,0,0,0,[],0,0,0,0,0,0
3,通用加移动速度Lv3,T.SpeedVar=T.SpeedVar+T.ClassSpeed*0.90,,,,0,[0+0],0,0,0,0,0,0,0,[],0,0,0,0,0,0
4,通用减移动速度Lv1,T.SpeedVar=T.SpeedVar-T.ClassSpeed*0.30,,,,0,[0+0],0,0,0,0,0,0,0,[],0,0,0,0,0,0
5,通用减移动速度Lv2,T.SpeedVar=T.SpeedVar-T.ClassSpeed*0.60,,,,0,[0+0],0,0,0,0,0,0,0,[],0,0,0,0,0,0
6,通用减移动速度Lv3,T.SpeedVar=T.SpeedVar-T.ClassSpeed*0.90,,,,0,[0+0],0,0,0,0,0,0,0,[],0,0,0,0,0,0
11,通用加攻击速度Lv1,T.AttackSpeedVar=T.AttackSpeedVar*1.60,,,,0,[0+0],0,0,0,0,0,0,0,[],0,0,0,0,0,0
12,通用加攻击速度Lv2,T.AttackSpeedVar=T.AttackSpeedVar*2,,,,0,[0+0],0,0,0,0,0,0,0,[],0,0,0,0,0,0
13,通用加攻击速度Lv3,T.AttackSpeedVar=T.AttackSpeedVar*2.5,,,,0,[0+0],0,0,0,0,0,0,0,[],0,0,0,0,0,0
14,通用减攻击速度Lv1,T.AttackSpeedVar=T.AttackSpeedVar*0.625,,,,0,[0+0],0,0,0,0,0,0,0,[],0,0,0,0,0,0
15,通用减攻击速度Lv2,T.AttackSpeedVar=T.AttackSpeedVar*0.5,,,,0,[0+0],0,0,0,0,0,0,0,[],0,0,0,0,0,0
16,通用减攻击速度Lv3,T.AttackSpeedVar=T.AttackSpeedVar*0.4,,,,0,[0+0],0,0,0,0,0,0,0,[],0,0,0,0,0,0
21,加物理免伤Lv1,T.DefendVar=T.DefendVar+0.2,,,,0,[0+0],0,0,0,0,0,0,0,[],0,0,0,0,0,0
22,加物理免伤Lv2,T.DefendVar=T.DefendVar+0.4,,,,0,[0+0],0,0,0,0,0,0,0,[],0,0,0,0,0,0
23,加物理免伤Lv3,T.DefendVar=T.DefendVar+0.6,,,,0,[0+0],0,0,0,0,0,0,0,[],0,0,0,0,0,0
24,减物理免伤Lv1,T.DefendVar=T.DefendVar-0.2,,,,0,[0+0],0,0,0,0,0,0,0,[],0,0,0,0,0,0
25,减物理免伤Lv2,T.DefendVar=T.DefendVar-0.4,,,,0,[0+0],0,0,0,0,0,0,0,[],0,0,0,0,0,0
26,减物理免伤Lv3,T.DefendVar=T.DefendVar-0.6,,,,0,[0+0],0,0,0,0,0,0,0,[],0,0,0,0,0,0
27,物理免疫,T.DefendVar=T.DefendVar+1.0,,,,0,[0+0],0,0,0,0,0,0,0,[],0,0,0,0,0,0
28,物理免疫失效,T.DefendVar=T.DefendVar-1.0,,,,0,[0+0],0,0,0,0,0,0,0,[],0,0,0,0,0,0
31,加魔法免伤Lv1,T.ResustanceVar=T.ResustanceVar+0.2,,,,0,[0+0],0,0,0,0,0,0,0,[],0,0,0,0,0,0
32,加魔法免伤Lv2,T.ResustanceVar=T.ResustanceVar+0.4,,,,0,[0+0],0,0,0,0,0,0,0,[],0,0,0,0,0,0
33,加魔法免伤Lv3,T.ResustanceVar=T.ResustanceVar+0.6,,,,0,[0+0],0,0,0,0,0,0,0,[],0,0,0,0,0,0
34,减魔法免伤Lv1,T.ResustanceVar=T.ResustanceVar-0.2,,,,0,[0+0],0,0,0,0,0,0,0,[],0,0,0,0,0,0
35,减魔法免伤Lv2,T.ResustanceVar=T.ResustanceVar-0.4,,,,0,[0+0],0,0,0,0,0,0,0,[],0,0,0,0,0,0
36,减魔法免伤Lv3,T.ResustanceVar=T.ResustanceVar-0.6,,,,0,[0+0],0,0,0,0,0,0,0,[],0,0,0,0,0,0
37,魔法免疫,T.ResustanceVar=T.ResustanceVar+1.0,,,,0,[0+0],0,0,0,0,0,0,0,[],0,0,0,0,0,0
38,魔法免疫失效,T.ResustanceVar=T.ResustanceVar-1.0,,,,0,[0+0],0,0,0,0,0,0,0,[],0,0,0,0,0,0
41,无法被搜索结算,T.BeAttackable=0,T.BeAoeable=0,T.BeBuffable=0,,0,[0+0],0,2,0,0,0,0,,[],0,0,0,0,0,0
42,可以被搜索结算,T.BeAttackable=1,T.BeAoeable=1,T.BeBuffable=1,,0,[0+0],0,2,0,0,0,0,,[],0,0,0,0,0,0
43,潜行,T.BeAttackable=0,,,,0,[0+0],0,2,0,0,0,0,,[],0,0,0,0,0,0
44,潜行结束,T.BeAttackable=1,,,,0,[0+0],0,2,0,0,0,0,,[],0,0,0,0,0,0
47,潜行后必定暴击,T.CritVar=T.CritVar+100,,,,0,[0+0],0,2,0,0,0,0,,[],0,0,0,0,0,0
48,潜行结束暴击恢复,T.CritVar=T.CritVar-100,,,,0,[0+0],0,2,0,0,0,0,,[],0,0,0,0,0,0
49,通用吟唱回蓝,T.MP=T.MP+T.MPRecover,,,,0,[0+0],0,2,0,0,0,0,,[],0,0,0,0,0,0
50,吟唱被打断扣篮,T.MP=0,,,,0,[0+0],0,2,0,0,0,0,,[],0,0,0,0,0,0
51,通用满能量,T.Rage=T.Rage+100,,,,0,[0+0],0,3,0,0,0,0,0,[],0,0,0,0,0,0
52,通用能量回复（自身回能）,T.Rage=T.Rage+T.ClassRage*0.1,,,,0,[0+0],0,3,0,0,0,0,0,[],0,0,0,0,0,0
53,通用能量回复（天赋给友军回）,T.Rage=T.Rage+10,,,,0,[0+0],0,3,0,0,0,0,0,[],0,0,0,0,0,0
54,通用能量回复（受击回）,T.Rage=T.Rage+20,,,,0,[0+0],0,3,0,0,0,0,0,[],0,0,0,0,0,0
55,通用能量回复（巨人自身回能）,T.Rage=T.Rage+T.ClassRage*0.02,,,,0,[0+0],0,3,0,0,0,0,0,[],0,0,0,0,0,0
56,辅助通用回蓝,T.MP=T.MP+T.MPRecover*0.1,,,,0,[0+0],0,2,0,0,0,0,,[],0,0,0,0,0,0
57,通用能量回复（攻击回）,T.Rage=T.Rage+35,,,,0,[0+0],0,3,0,0,0,0,0,[],0,0,0,0,0,0
61,冰冻2.5s,,,,,0,[0+0],0,0,0,0,3000,16,2500,[],0,0,0,0,0,0
62,冰冻5s,,,,,0,[0+0],0,0,0,0,3000,16,5000,[],0,0,0,0,0,0
63,冰冻2.5s恢复物理伤害加深,,,,,0,[0+0],0,0,0,0,0,0,0,[],0,0,6,0,0,0
64,冰冻2.5s恢复魔法伤害加深,,,,,0,[0+0],0,0,0,0,0,0,0,[],0,0,8,0,0,0
99,变大,T.Scale=T.Scale+2.5,,,,0,[0+0],0,0,0,0,0,0,0,[],0,0,0,0,0,0
899,格挡安全锁,T.DefendVar=T.ClassDefend,T.ResustanceVar=T.ClassResustance,,,0,[0+0],0,0,0,0,0,0,0,[],0,0,942,0,0,0
900,破甲 攻击减甲 ,T.PGuardVar=T.PGuardVar-30,,,,0,[0+0],0,0,0,0,0,0,0,[],0,0,0,0,0,0
901,士气 在场时 己方人族卡牌的CD减少3%,,,,,0,[0+0],0,0,0,0,0,0,0,[921],0,0,0,0,0,0
902,士气 在场时 己方人族卡牌的CD减少6%,,,,,0,[0+0],0,0,0,0,0,0,0,[922],0,0,0,0,0,0
903,士气 在场时 己方人族卡牌的CD减少9%,,,,,0,[0+0],0,0,0,0,0,0,0,[923],0,0,0,0,0,0
904,士气 在场时 己方人族卡牌的CD减少12%,,,,,0,[0+0],0,0,0,0,0,0,0,[924],0,0,0,0,0,0
905,士气 在场时 己方人族卡牌的CD减少15%,,,,,0,[0+0],0,0,0,0,0,0,0,[925],0,0,0,0,0,0
907,海盗 出场偷取5点水晶,T.HeroCrystal=T.HeroCrystal-5,,,,0,[0+0],0,0,0,0,0,0,0,[],0,0,0,0,0,0
908,精英 攻击附带百分比攻击力真实伤害 ,,,,,1,[20+0],0,3,0,0,0,0,0,[],0,0,0,0,0,0
909,己方召唤师增加5点水晶,T.HeroCrystal=T.HeroCrystal+5,,,,0,[0+0],0,0,0,0,0,0,0,[],0,0,0,0,0,0
910,治愈 增加生命恢复,,,,,1,[100+0],0,4,0,0,0,0,0,[],0,0,0,0,0,0
911,士气 在场时 己方人族卡牌的CD减少3%失效,,,,,0,[0+0],0,0,0,0,0,0,0,[926],0,0,0,0,0,0
912,士气 在场时 己方人族卡牌的CD减少6%失效,,,,,0,[0+0],0,0,0,0,0,0,0,[927],0,0,0,0,0,0
913,士气 在场时 己方人族卡牌的CD减少9%失效,,,,,0,[0+0],0,0,0,0,0,0,0,[928],0,0,0,0,0,0
914,士气 在场时 己方人族卡牌的CD减少12%失效,,,,,0,[0+0],0,0,0,0,0,0,0,[929],0,0,0,0,0,0
915,士气 在场时 己方人族卡牌的CD减少15%失效,,,,,0,[0+0],0,0,0,0,0,0,0,[930],0,0,0,0,0,0
916,遗产 死亡后 自然族卡片费用永久减少1点,,,,,0,[0+0],0,0,0,0,0,0,0,[916],0,0,0,0,0,0
918,神迹 出场后免疫1次受到的伤害,T.DefendVar=T.DefendVar+1.0,T.ResustanceVar=T.ResustanceVar+1.0,,,0,[0+0],0,0,0,0,0,0,0,[],0,0,918,0,0,0
919,出场后免疫1次受到的伤害失效,T.DefendVar=T.DefendVar-1.0,T.ResustanceVar=T.ResustanceVar-1.0,,,0,[0+0],0,0,0,0,0,0,0,[],0,0,919,0,0,0
920,动员 在场时 己方人族卡牌的水晶消耗减少5点,,,,,0,[0+0],0,0,0,0,0,0,0,[931],0,0,0,0,0,0
921,动员 在场时 己方人族卡牌的水晶消耗减少10点,,,,,0,[0+0],0,0,0,0,0,0,0,[932],0,0,0,0,0,0
922,动员 在场时 己方人族卡牌的水晶消耗减少15点,,,,,0,[0+0],0,0,0,0,0,0,0,[933],0,0,0,0,0,0
923,动员 在场时 己方人族卡牌的水晶消耗减少20点,,,,,0,[0+0],0,0,0,0,0,0,0,[934],0,0,0,0,0,0
924,动员 在场时 己方人族卡牌的水晶消耗减少25点,,,,,0,[0+0],0,0,0,0,0,0,0,[935],0,0,0,0,0,0
925,狂热 缓慢掉血持续增加攻速,T.AttackSpeedVar=T.AttackSpeedVar*1.1,,,,1,[15+0],0,5,0,0,0,0,0,[],0,0,0,0,0,0
926,不洁 缓慢掉血持续增加最大生命值,T.MaxHP=T.MaxHP+T.ClassHP*0.05,T.HP=T.HP+T.ClassHP*0.05,,,1,[15+0],0,5,0,0,0,0,0,[],0,0,0,0,0,0
927,憎恨 缓慢掉血增加移速,T.SpeedVar=T.SpeedVar+T.ClassSpeed*0.1,,,,1,[15+0],0,5,0,0,0,0,0,[],0,0,0,0,0,0
928,转生 死亡后有概率半血复活 标示buff,,,,,0,[0+0],0,0,0,0,0,0,0,[],0,0,929,0,0,0
930,动员 在场时 己方人族卡牌的水晶消耗减少5点失效,,,,,0,[0+0],0,0,0,0,0,0,0,[936],0,0,0,0,0,0
931,动员 在场时 己方人族卡牌的水晶消耗减少10点失效,,,,,0,[0+0],0,0,0,0,0,0,0,[937],0,0,0,0,0,0
932,动员 在场时 己方人族卡牌的水晶消耗减少15点失效,,,,,0,[0+0],0,0,0,0,0,0,0,[938],0,0,0,0,0,0
933,动员 在场时 己方人族卡牌的水晶消耗减少20点失效,,,,,0,[0+0],0,0,0,0,0,0,0,[939],0,0,0,0,0,0
934,动员 在场时 己方人族卡牌的水晶消耗减少25点失效,,,,,0,[0+0],0,0,0,0,0,0,0,[940],0,0,0,0,0,0
935,知识 在场时 己方所有卡牌的水晶消耗减少3%,,,,,0,[0+0],0,0,0,0,0,0,0,[941],0,0,0,0,0,0
936,知识 在场时 己方所有卡牌的水晶消耗减少6%,,,,,0,[0+0],0,0,0,0,0,0,0,[942],0,0,0,0,0,0
937,知识 在场时 己方所有卡牌的水晶消耗减少9%,,,,,0,[0+0],0,0,0,0,0,0,0,[943],0,0,0,0,0,0
938,知识 在场时 己方所有卡牌的水晶消耗减少12%,,,,,0,[0+0],0,0,0,0,0,0,0,[944],0,0,0,0,0,0
939,知识 在场时 己方所有卡牌的水晶消耗减少15%,,,,,0,[0+0],0,0,0,0,0,0,0,[945],0,0,0,0,0,0
940,忍耐 每5秒回复100%物理攻击的生命,,,,,1,[100+0],0,4,0,0,0,0,0,[],0,0,0,0,0,0
941,降临 出场带护盾,T.ExtraHP=T.ExtraHP+T.PAttack*1.5,,,,0,[0+0],0,0,0,0,0,0,0,[],0,0,0,0,0,0
942,去掉938护盾,,,,,0,[0+0],0,0,0,0,0,0,0,[],0,0,938,0,0,0
943,格挡 有概率抵消1次伤害,T.DefendVar=T.DefendVar+1.0,T.ResustanceVar=T.ResustanceVar+1.0,,,0,[0+0],0,0,0,0,0,0,0,[],0,0,941,0,0,0
944,有概率抵消1次伤害,T.DefendVar=0.0,T.ResustanceVar=0.0,,,0,[0+0],0,0,0,0,0,0,0,[],0,0,944,0,0,0
945,复仇 75%血量越少攻速越快,T.AttackSpeedVar=T.AttackSpeedVar*1.20,,,,0,[0+0],0,0,0,0,0,0,0,[],0,0,945,0,0,0
946,50%血量越少攻速越快,T.AttackSpeedVar=T.AttackSpeedVar*1.20,,,,0,[0+0],0,0,0,0,0,0,0,[],0,0,946,0,0,0
947,25%血量越少攻速越快,T.AttackSpeedVar=T.AttackSpeedVar*1.20,,,,0,[0+0],0,0,0,0,0,0,0,[],0,0,947,0,0,0
948,血刃 攻击附带敌方士兵当前生命值百分比真实伤害 ,,,,,1,[5+0],0,5,0,0,0,0,0,[],0,0,0,0,0,0
951,减去攻击速度,T.AttackSpeedVar=T.AttackSpeedVar*0.714,,,,0,[0+0],0,0,0,0,0,0,0,[],0,0,0,0,0,0
953,100%闪避2S失效结算,T.MissVar=T.MissVar-100,,,,0,[0+0],0,0,0,0,0,0,0,[],0,0,0,0,0,0
954,弱点 攻击大幅度削减霸体值 ,,,,,1,[0+0],0,0,0,0,50,10,0,[],0,0,0,0,0,0
955,速攻 显形后+2S攻速,T.AttackSpeedVar=T.AttackSpeedVar*1.40,,,,0,[0+0],0,0,0,0,0,0,0,[],0,0,955,0,0,0
956,本能 首次攻击后2S内受的伤害减半,T.DefendVar=T.DefendVar+0.5,T.ResustanceVar=T.ResustanceVar+0.5,,,0,[0+0],0,0,0,0,0,0,0,[],0,0,956,0,0,0
957,灵感 受击100%闪避2S CD10S,T.MissVar=T.MissVar+100,,,,0,[0+0],0,0,0,0,0,0,0,[],0,0,957,0,0,0
958,斩首 普攻对召唤师造成50%伤害,,,,,1,[50+0],1,1,1,0,0,0,0,[],0,0,0,0,0,0
959,2S内受的伤害减半失效,T.DefendVar=T.DefendVar-0.5,T.ResustanceVar=T.ResustanceVar-0.5,,,0,[0+0],0,0,0,0,0,0,0,[],0,0,0,0,0,0
960,知识 在场时 己方所有卡牌的水晶消耗减少3%失效,,,,,0,[0+0],0,0,0,0,0,0,0,[946],0,0,0,0,0,0
961,知识 在场时 己方所有卡牌的水晶消耗减少6%失效,,,,,0,[0+0],0,0,0,0,0,0,0,[947],0,0,0,0,0,0
962,知识 在场时 己方所有卡牌的水晶消耗减少9%失效,,,,,0,[0+0],0,0,0,0,0,0,0,[948],0,0,0,0,0,0
963,知识 在场时 己方所有卡牌的水晶消耗减少12%失效,,,,,0,[0+0],0,0,0,0,0,0,0,[949],0,0,0,0,0,0
964,知识 在场时 己方所有卡牌的水晶消耗减少15%失效,,,,,0,[0+0],0,0,0,0,0,0,0,[950],0,0,0,0,0,0
966,提升5S暴击率30%(10SCD)失效,T.CritVar=T.CritVar-30,,,,0,[0+0],0,0,0,0,0,0,0,[],0,0,0,0,0,0
967,重箭 普通攻击时20%概率提升5S暴击率30%(10SCD),T.CritVar=T.CritVar+30,,,,0,[0+0],0,0,0,0,0,0,0,[],0,0,967,0,0,0
968,连击 普通攻击有20%提升5S攻击速度40%（10SCD）,T.AttackSpeedVar=T.AttackSpeedVar*1.40,,,,0,[0+0],0,0,0,0,0,0,0,[],0,0,968,0,0,0
969,提升5S攻击速度40%（10SCD）失效,T.AttackSpeedVar=T.AttackSpeedVar*0.714,,,,0,[0+0],0,0,0,0,0,0,0,[],0,0,0,0,0,0
970,抑制 在场时 敌方水晶消耗增加2%,,,,,0,[0+0],0,0,0,0,0,0,0,[951],0,0,0,0,0,0
971,抑制 在场时 敌方水晶消耗增加4%,,,,,0,[0+0],0,0,0,0,0,0,0,[952],0,0,0,0,0,0
972,抑制 在场时 敌方水晶消耗增加6%,,,,,0,[0+0],0,0,0,0,0,0,0,[953],0,0,0,0,0,0
973,抑制 在场时 敌方水晶消耗增加8%,,,,,0,[0+0],0,0,0,0,0,0,0,[954],0,0,0,0,0,0
974,抑制 在场时 敌方水晶消耗增加10%,,,,,0,[0+0],0,0,0,0,0,0,0,[955],0,0,0,0,0,0
975,抑制 在场时 敌方水晶消耗增加2%失效,,,,,0,[0+0],0,0,0,0,0,0,0,[956],0,0,0,0,0,0
976,抑制 在场时 敌方水晶消耗增加4%失效,,,,,0,[0+0],0,0,0,0,0,0,0,[957],0,0,0,0,0,0
977,抑制 在场时 敌方水晶消耗增加6%失效,,,,,0,[0+0],0,0,0,0,0,0,0,[958],0,0,0,0,0,0
978,抑制 在场时 敌方水晶消耗增加8%失效,,,,,0,[0+0],0,0,0,0,0,0,0,[959],0,0,0,0,0,0
979,抑制 在场时 敌方水晶消耗增加10%失效,,,,,0,[0+0],0,0,0,0,0,0,0,[960],0,0,0,0,0,0
980,充分 第一次施法无需吟唱,T.MP=T.MP+10000,,,,0,[0+0],0,0,0,0,0,0,0,[],0,0,0,0,0,0
981,意志 吟唱回血,,,,,1,[40+50],0,4,0,0,0,0,0,[],0,0,0,0,0,0
982,呢喃 移动时可以缓慢进行魔法吟唱,T.MP=T.MP+T.MPRecover*0.5,,,,0,[0+0],0,0,0,0,0,0,0,[],0,0,0,0,0,0
983,研究 持续缓慢增加护甲,T.PGuardVar=T.PGuardVar+20,,,,0,[0+0],0,0,0,0,0,0,0,[],0,0,0,0,0,0
984,学习 持续缓慢增加魔抗,T.MGuardVar=T.MGuardVar+20,,,,0,[0+0],0,0,0,0,0,0,0,[],0,0,0,0,0,0
988,召唤师回一次血 ,,,,,1,[100+0],0,4,0,0,0,0,0,[],0,0,0,0,0,0
990,怨念 受击增加物攻和魔攻1层生效,T.PAttackVar=T.PAttackVar+T.ClassPAttack*0.05,T.MAttackVar=T.MAttackVar+T.ClassMAttack*0.05,,,0,[0+0],0,0,0,0,0,0,0,[],0,0,0,0,0,0
991,怨念 受击增加物攻和魔攻2层生效,T.PAttackVar=T.PAttackVar+T.ClassPAttack*0.10,T.MAttackVar=T.MAttackVar+T.ClassMAttack*0.10,,,0,[0+0],0,0,0,0,0,0,0,[],0,0,0,0,0,0
992,怨念 受击增加物攻和魔攻3层生效,T.PAttackVar=T.PAttackVar+T.ClassPAttack*0.15,T.MAttackVar=T.MAttackVar+T.ClassMAttack*0.15,,,0,[0+0],0,0,0,0,0,0,0,[],0,0,0,0,0,0
993,怨念 受击增加物攻和魔攻4层生效,T.PAttackVar=T.PAttackVar+T.ClassPAttack*0.20,T.MAttackVar=T.MAttackVar+T.ClassMAttack*0.20,,,0,[0+0],0,0,0,0,0,0,0,[],0,0,0,0,0,0
994,怨念 受击增加物攻和魔攻5层生效,T.PAttackVar=T.PAttackVar+T.ClassPAttack*0.25,T.MAttackVar=T.MAttackVar+T.ClassMAttack*0.25,,,0,[0+0],0,0,0,0,0,0,0,[],0,0,0,0,0,0
995,怨念 受击增加物攻和魔攻1层失效,T.PAttackVar=T.PAttackVar-T.ClassPAttack*0.05,T.MAttackVar=T.MAttackVar-T.ClassMAttack*0.05,,,0,[0+0],0,0,0,0,0,0,0,[],0,0,0,0,0,0
996,怨念 受击增加物攻和魔攻2层失效,T.PAttackVar=T.PAttackVar-T.ClassPAttack*0.10,T.MAttackVar=T.MAttackVar-T.ClassMAttack*0.10,,,0,[0+0],0,0,0,0,0,0,0,[],0,0,0,0,0,0
997,怨念 受击增加物攻和魔攻3层失效,T.PAttackVar=T.PAttackVar-T.ClassPAttack*0.15,T.MAttackVar=T.MAttackVar-T.ClassMAttack*0.15,,,0,[0+0],0,0,0,0,0,0,0,[],0,0,0,0,0,0
998,怨念 受击增加物攻和魔攻4层失效,T.PAttackVar=T.PAttackVar-T.ClassPAttack*0.20,T.MAttackVar=T.MAttackVar-T.ClassMAttack*0.20,,,0,[0+0],0,0,0,0,0,0,0,[],0,0,0,0,0,0
999,怨念 受击增加物攻和魔攻5层失效,T.PAttackVar=T.PAttackVar-T.ClassPAttack*0.25,T.MAttackVar=T.MAttackVar-T.ClassMAttack*0.25,,,0,[0+0],0,0,0,0,0,0,0,[],0,0,0,0,0,0
1000,火法魔攻光环,T.MAttackVar=T.MAttackVar+T.ClassMAttack*0.25,,,,0,[0+0],0,2,0,0,0,0,,[],0,0,0,0,0,0
1001,火法火球,,,,,1,[175+0],0,2,1,0,3000,10,0,[],0,0,0,0,0,0
1002,火法火雨,,,,,1,[85+0],0,2,1,0,200,10,0,[],0,0,0,0,0,0
1003,火法火龙,,,,,1,[275+0],0,2,1,0,200,10,0,[],0,0,0,0,0,0
1004,火法火球燃烧,,,,,1,[35+0],0,2,1,0,0,0,0,[],0,0,0,0,0,0
1005,火法火雨燃烧,,,,,1,[35+0],0,2,1,0,0,0,0,[],0,0,0,0,0,0
1006,火法火龙燃烧,,,,,1,[35+0],0,2,1,0,0,0,0,[],0,0,0,0,0,0
1016,火法火龙燃烧,,,,,1,[35+0],0,2,1,0,0,0,0,[],0,0,0,0,0,0
1071,火法火球对召唤师,,,,,1,[58+0],0,2,1,0,3000,10,0,[],0,0,0,0,0,0
1072,火法火雨对召唤师,,,,,1,[28+0],0,2,1,0,200,10,0,[],0,0,0,0,0,0
1073,火法火龙对召唤师,,,,,1,[91+0],0,2,1,0,200,10,0,[],0,0,0,0,0,0
1074,火法火球燃烧对召唤师,,,,,1,[12+0],0,2,1,0,0,0,0,[],0,0,0,0,0,0
1075,火法火雨燃烧对召唤师,,,,,1,[12+0],0,2,1,0,0,0,0,[],0,0,0,0,0,0
1076,火法火龙燃烧对召唤师,,,,,1,[12+0],0,2,1,0,0,0,0,[],0,0,0,0,0,0
1100,冰女回蓝光环,T.MPRecoverVar=T.MPRecoverVar+T.ClassMPRecover*1,,,,0,[0+0],0,2,0,0,0,0,0,[],0,0,0,0,0,0
1101,冰女冰弹,,,,,1,[175+0],0,2,1,0,0,0,0,[],0,0,0,0,0,0
1102,冰弹减速,T.SpeedVar=T.SpeedVar-T.ClassSpeed*0.9,,,,0,[0+0],0,2,0,0,0,0,0,[],0,0,0,0,0,0
1103,冰女暴风雪,,,,,1,[28+0],0,2,1,0,3000,16,2000,[],0,0,0,0,0,0
1104,冰弹减速失效,T.SpeedVar=T.SpeedVar+T.ClassSpeed*0.9,,,,0,[0+0],0,2,0,0,0,0,0,[],0,0,0,0,0,0
1160,冰盾加额外生命,T.ExtraHP=T.ExtraHP+S.MAttack*25.0,,,,0,[0+0],0,0,0,0,0,0,0,[],0,0,0,0,0,0
1163,冰冻5s,,,,,0,[0+0],0,0,0,0,6000,16,5000,[],0,0,0,0,0,0
1171,冰女冰弹对召唤师,,,,,1,[58+0],0,2,1,0,0,0,0,[],0,0,0,0,0,0
1173,冰女暴风雪对召唤师,,,,,1,[9+0],0,2,1,0,3000,16,2000,[],0,0,0,0,0,0
1180,冰女巨冰生命赋值,T.MaxHP=T.MAttack*25,,,,0,[10+0],0,2,1,0,0,0,0,[],0,0,0,0,0,0
1200,刺客信条光环,T.MissVar=T.MissVar+25,T.CritVar=T.CritVar+25,,,0,[0+0],0,2,0,0,0,0,0,[],0,0,0,0,0,0
1202,刺客少年技能2,T.HP=0,,,,0,[100+0],0,1,1,0,0,0,0,[],0,0,0,0,0,0
1203,刺客少年技能3,,,,,1,[150+0],0,1,1,0,0,0,0,[],0,0,0,0,0,0
1204,技能3最后一击,S.CritVar=S.CritVar+100,,,,1,[225+0],0,1,1,0,0,0,0,[],0,0,0,0,0,0
1205,技能3暴击收回,S.CritVar=S.CritVar-100,,,,0,[0+0],0,2,0,0,0,0,0,[],0,0,0,0,0,0
1212,刺客少年技能2定身,,,,,0,[0+0],0,1,0,0,3000,10,3000,[],0,0,0,0,0,0
1221,刺客少年分身普攻1,,,,,1,[10+0],1,1,1,1,100,10,0,[],0,0,0,0,0,0
1222,刺客少年分身普攻2,,,,,1,[20+0],1,1,1,1,100,10,0,[],0,0,0,0,0,0
1223,刺客少年分身普攻3,,,,,1,[30+0],1,1,1,1,100,10,0,[],0,0,0,0,0,0
1224,刺客少年分身普攻4,,,,,1,[40+0],1,1,1,1,100,10,0,[],0,0,0,0,0,0
1300,坚韧光环结算,T.MGuardVar=T.MGuardVar+800,,,,0,[0+0],0,0,0,0,0,0,0,[],0,0,0,0,0,0
1301,精灵之光每秒回复,,,,,1,[23+0],0,4,0,0,0,0,0,[],0,0,0,0,0,0
1302,精灵之光对召唤师,,,,,1,[12+0],0,4,0,0,0,0,0,[],0,0,0,0,0,0
1308,回春术,,,,,1,[125+0],0,4,0,0,0,0,0,[],0,0,0,0,0,0
1309,回春术对召唤师,,,,,1,[67+0],0,4,0,0,0,0,0,[],0,0,0,0,0,0
1321,艾丽卡熊普攻1,T.HitPowerX=700.0,T.HitPowerY=5000.0,,,1,[100+0],1,1,1,1,3000,13,0,[],0,0,0,0,0,0
1322,艾丽卡熊普攻终极击,T.HitPowerX=3000.0,T.HitPowerY=2000.0,,,1,[150+0],0,1,1,1,3000,12,0,[],0,0,0,0,0,0
1323,艾丽卡熊出生击飞,T.HitPowerX=1000.0,T.HitPowerY=5000.0,,,1,[200+0],1,1,0,1,3000,13,0,[],0,0,0,0,0,0
1324,艾丽卡熊普攻2,,,,,1,[100+0],1,1,1,1,200,10,0,[],0,0,0,0,0,0
1401,一层闪电印记伤害加深,T.DefendVar=T.DefendVar-0.2,T.ResustanceVar=T.ResustanceVar-0.2,,,0,[0+0],0,0,0,0,0,0,0,[],0,0,0,0,0,0
1402,二层闪电印记伤害加深,T.DefendVar=T.DefendVar-0.4,T.ResustanceVar=T.ResustanceVar-0.4,,,0,[0+0],0,0,0,0,0,0,0,[],0,0,0,0,0,0
1403,三层闪电印记伤害加深,T.DefendVar=T.DefendVar-0.6,T.ResustanceVar=T.ResustanceVar-0.6,,,0,[0+0],0,3,0,0,0,0,0,[],0,0,0,0,0,0
1404,一层闪电印记伤害加深失效,T.DefendVar=T.DefendVar+0.2,T.ResustanceVar=T.ResustanceVar+0.2,,,0,[0+0],0,0,0,0,0,0,0,[],0,0,0,0,0,0
1405,二层闪电印记伤害加深失效,T.DefendVar=T.DefendVar+0.4,T.ResustanceVar=T.ResustanceVar+0.4,,,0,[0+0],0,0,0,0,0,0,0,[],0,0,0,0,0,0
1406,三层闪电印记伤害加深失效,T.DefendVar=T.DefendVar+0.6,T.ResustanceVar=T.ResustanceVar+0.6,,,0,[0+0],0,0,0,0,0,0,0,[],0,0,0,0,0,0
1407,电弧爆炸结算,,,,,1,[150+0],0,2,0,0,0,0,0,[],0,0,0,0,0,0
1408,闪电风暴结算,,,,,1,[50+0],0,2,0,0,3000,10,0,[],0,0,0,0,0,0
1409,1技能结算1,,,,,1,[75+0],0,2,0,0,3000,11,3000,[],0,0,0,0,0,0
1410,1技能结算2,,,,,1,[75+0],0,2,0,0,3000,10,0,[],0,0,0,0,0,0
1412,三层闪电伤害,,,,,1,[3+0],0,5,0,0,0,0,0,[],0,0,0,0,0,0
1413,删除持续伤害,,,,,0,[0+0],0,3,0,0,0,0,0,[],0,0,1412,0,0,0
1415,闪电风暴计数干掉自己,,,,,0,[0+0],0,3,0,0,0,0,0,[],0,0,1415,0,0,0
1421,大招1结算,T.HitPowerX=2500.0,T.HitPowerY=5000.0,,,1,[60+0],0,2,0,0,3000,13,0,[],0,0,0,0,0,0
1422,大招2结算,T.HitPowerX=2500.0,T.HitPowerY=5000.0,,,1,[100+0],0,2,0,0,3000,13,0,[],0,0,0,0,0,0
1423,大招秒杀,T.HP=0,,,,0,[100+0],0,2,1,0,0,0,0,[],0,0,0,0,0,0
1480,1技能结算2对召唤师,,,,,1,[33+0],0,2,0,0,0,0,0,[],0,0,0,0,0,0
1492,大招对召唤师,T.HitPowerX=2500.0,T.HitPowerY=5000.0,,,1,[50+0],0,2,0,0,3000,13,0,[],0,0,0,0,0,0
1500,战魂光环结算,T.PAttackVar=T.PAttackVar+0.5*T.ClassPAttack,,,,0,[0+0],0,2,0,0,0,0,0,[],0,0,0,0,0,0
1501,莱奥普攻斩击3,T.HitPowerX=500.0,T.HitPowerY=5000.0,,,1,[60+0],1,1,1,1,3000,13,0,[],0,0,0,0,0,0
1502,莱奥气流斩,T.HitPowerX=6000.0,T.HitPowerY=0,,,1,[100+0],0,1,0,0,3000,12,0,[],0,0,0,0,0,0
1503,莱奥气流斩终结击,T.HitPowerX=2000.0,T.HitPowerY=5000.0,,,1,[120+0],0,1,0,0,3000,13,0,[],0,0,0,0,0,0
1504,觉醒结束回原位,T.X=350,,,,0,[0+0],0,2,0,0,0,0,0,[],0,0,1503,0,0,0
1505,莱奥普攻划刀提刀1,,,,,1,[61+0],1,1,1,1,0,0,0,[],0,0,0,0,0,0
1506,莱奥普攻蓄力斩击,T.HitPowerX=3000.0,T.HitPowerY=6000.0,,,1,[250+0],1,1,1,1,3000,13,1500,[],0,0,0,0,0,0
1507,觉醒莱奥防御提升,T.MGuardVar=T.MGuardVar+1500,T.PGuardVar=T.PGuardVar+1500,T.PPenetrateVar=T.PPenetrateVar+100,,0,[0+0],0,0,0,0,0,0,0,[],0,0,0,0,0,0
1508,觉醒莱奥防御提升回收,T.MGuardVar=T.MGuardVar-1500,T.PGuardVar=T.PGuardVar-1500,T.PPenetrateVar=T.PPenetrateVar-100,,0,[0+0],0,0,0,0,0,0,0,[],0,0,0,0,0,0
1509,莱奥普攻划刀提刀2,,,,,1,[101+0],1,1,1,1,0,0,0,[],0,0,0,0,0,0
1510,莱奥普攻划刀提刀4,,,,,1,[88+0],1,1,1,1,0,0,0,[],0,0,0,0,0,0
1511,莱奥普攻斩击3,T.HitPowerX=500.0,T.HitPowerY=5000.0,,,1,[75+0],1,1,1,1,3000,13,0,[],0,0,0,0,0,0
1512,觉醒结束回原位,T.X=2050,,,,0,[0+0],0,2,0,0,0,0,0,[],0,0,1503,0,0,0
1521,莱奥普攻划刀提刀1,,,,,1,[50+0],1,1,1,1,100,10,0,[],0,0,0,0,0,0
1522,莱奥普攻划刀提刀2,,,,,1,[50+0],1,1,1,1,100,10,0,[],0,0,0,0,0,0
1572,莱奥气流斩对召唤师,T.HitPowerX=6000.0,T.HitPowerY=0,,,1,[33+0],0,1,0,0,3000,12,0,[],0,0,0,0,0,0
1573,莱奥气流斩终结击对召唤师,T.HitPowerX=2000.0,T.HitPowerY=5000.0,,,1,[39+0],0,1,0,0,3000,13,0,[],0,0,0,0,0,0
1600,战意光环结算,T.PAttackVar=T.PAttackVar+0.25*T.ClassPAttack,,,,0,[0+0],0,2,0,0,0,0,0,[],0,0,0,0,0,0
1601,圣光领域对敌,T.DefendVar=T.DefendVar-0.33,T.ResustanceVar=T.ResustanceVar-0.33,T.PAttackVar=T.PAttackVar-0.33*T.ClassPAttack,T.MAttackVar=T.MAttackVar-T.ClassMAttack*0.33,0,[0+0],0,0,0,0,0,0,0,[],0,0,0,0,0,0
1602,圣光领域对友,T.DefendVar=T.DefendVar+0.33,T.ResustanceVar=T.ResustanceVar+0.33,T.PAttackVar=T.PAttackVar+0.33*T.ClassPAttack,T.MAttackVar=T.MAttackVar+T.ClassMAttack*0.33,0,[0+0],0,0,0,0,0,0,0,[],0,0,0,0,0,0
1603,圣光大宝剑,T.HitPowerX=4000.0,T.HitPowerY=6000.0,T.PGuardVar=T.PGuardVar-99999,T.MGuardVar=T.MGuardVar-99999,0,[0+0],0,1,0,0,3000,13,1500,[],0,0,0,0,0,0
1604,圣光审判,T.HP=1,T.ExtraHP=0,,,0,[0+0],0,1,0,0,0,0,0,[],0,0,0,0,0,0
1611,圣光领域对敌失效,T.DefendVar=T.DefendVar+0.33,T.ResustanceVar=T.ResustanceVar+0.33,T.PAttackVar=T.PAttackVar+0.33*T.ClassPAttack,T.MAttackVar=T.MAttackVar+T.ClassMAttack*0.33,0,[0+0],0,0,0,0,0,0,0,[],0,0,0,0,0,0
1612,圣光领域对友失效,T.DefendVar=T.DefendVar-0.33,T.ResustanceVar=T.ResustanceVar-0.33,T.PAttackVar=T.PAttackVar-0.33*T.ClassPAttack,T.MAttackVar=T.MAttackVar-T.ClassMAttack*0.33,0,[0+0],0,0,0,0,0,0,0,[],0,0,0,0,0,0
1671,圣光鼓舞对敌对召唤师,,,,,1,[16+0],0,1,0,0,0,0,0,[],0,0,0,0,0,0
1674,圣光审判对召唤师,,,,,1,[30+0],0,1,0,0,0,0,0,[],0,0,0,0,0,0
1675,消除召唤师的圣光标记,,,,,0,[0+0],0,1,0,0,0,0,0,[],0,0,1603,0,0,0
10000,勇士普攻,,,,,1,[100+0],1,1,1,1,100,10,0,[],0,0,0,0,0,0
10001,勇士跳劈,T.HP=T.HP-T.ClassHP*0.25,,,,1,[100+0],0,1,1,1,400,10,0,[],0,0,0,0,0,0
10002,跳劈对召唤师,,,,,1,[250+0],0,1,1,1,400,10,0,[],0,0,0,0,0,0
10003,激励生效,,,,,0,[0+0],0,0,0,0,0,0,0,[10001],0,0,0,0,0,0
10004,激励失效,,,,,0,[0+0],0,0,0,0,0,0,0,[10002],0,0,0,0,0,0
10033,勇士跑步加速,T.SpeedVar=T.SpeedVar+100,,,,0,[0+0],0,0,0,0,0,0,0,[],0,0,0,0,0,0
10034,勇士跑步速度恢复正常,T.SpeedVar=T.SpeedVar-100,,,,0,[0+0],0,0,0,0,0,0,0,[],0,0,0,0,0,0
10200,火枪手普攻,,,,,1,[100+0],1,1,1,1,100,10,0,[],0,0,0,0,0,0
10201,加农炮,S.PPenetrateVar=S.PPenetrateVar+50,T.HitPowerX=12000.0,T.HitPowerY=0,,1,[220+0],0,1,1,1,3000,12,0,[],0,0,0,0,0,0
10301,盗贼连招1,,,,,1,[100+0],1,1,1,1,100,10,0,[],0,0,0,0,0,0
10302,盗贼连招2,,,,,1,[100+0],1,1,1,1,100,10,0,[],0,0,0,0,0,0
10303,盗贼连招3,,,,,1,[100+0],1,1,1,1,100,10,0,[],0,0,0,0,0,0
10304,盗贼连招4-飞腿,,,,,1,[110+0],1,1,1,1,200,10,0,[],0,0,0,0,0,0
10305,盗贼战吼加移速,T.SpeedVar=T.SpeedVar+T.ClassSpeed*0.5,,,,0,[0+0],0,0,0,0,0,0,0,[],0,0,0,0,0,0
10306,盗贼战吼移速恢复,T.SpeedVar=T.SpeedVar-T.ClassSpeed*0.5,,,,0,[0+0],0,0,0,0,0,0,0,[],0,0,0,0,0,0
10307,盗贼连招1（召唤师）,,,,,1,[100+0],1,1,1,1,100,10,0,[],0,0,0,0,0,0
10311,己方水晶增加,T.HeroCrystal=T.HeroCrystal+2,,,,0,[0+0],0,0,0,0,0,0,0,[],0,0,0,0,0,0
10312,敌方水晶减少,T.HeroCrystal=T.HeroCrystal-2,,,,0,[0+0],0,0,0,0,0,0,0,[],0,0,0,0,0,0
10401,铁匠普攻,,,,,1,[100+0],1,2,1,0,100,10,0,[],0,0,0,0,0,0
10402,铁匠加护盾,T.ExtraHP=T.ExtraHP+S.MAttack*2.0,,,,0,[0+0],0,0,0,0,0,0,0,[],0,0,0,0,0,0
10500,魔剑士普攻（物理）,,,,,1,[100+0],1,1,1,1,100,10,0,[],0,0,0,0,0,0
10501,魔剑士普攻（魔法对怪物）,,,,,1,[33+0],1,2,1,1,200,10,0,[],0,0,0,0,0,0
10502,魔剑士普攻（魔法对召唤师）,,,,,1,[99+0],1,2,1,1,200,10,0,[],0,0,0,0,0,0
10503,物理攻击转魔法攻击,T.MAttackVar=T.ClassPAttack,,,,0,[0+0],0,0,0,0,0,0,0,[],0,0,0,0,0,0
10504,魔抗光环光环生效,T.MGuardVar=T.MGuardVar+250,,,,0,[0+0],0,0,0,0,0,0,0,[],0,0,0,0,0,0
10505,魔抗光环光环失效,T.MGuardVar=T.MGuardVar-250,,,,0,[0+0],0,0,0,0,0,0,0,[],0,0,0,0,0,0
10506,封天锁地生效结算,,,,,0,[0+0],0,0,0,0,0,0,0,[10501],0,0,0,0,0,0
10507,封天锁地失效结算,,,,,0,[0+0],0,0,0,0,0,0,0,[10502],0,0,0,0,0,0
10601,维京人普攻,,,,,1,[100+0],1,1,1,1,200,10,0,[],0,0,0,0,0,0
10602,冲锋撞击,T.HitPowerX=2000.0,T.HitPowerY=5000.0,,,1,[100+0],0,1,1,1,3000,13,0,[],0,0,0,0,0,0
10603,维京人冲锋加速,T.SpeedVar=T.SpeedVar+T.ClassSpeed*2.5,,,,0,[0+0],0,0,0,0,0,0,0,[],0,0,0,0,0,0
10604,维京人冲锋结束减速,T.SpeedVar=T.SpeedVar-T.ClassSpeed*2.5,,,,0,[0+0],0,0,0,0,0,0,0,[],0,0,0,0,0,0
10605,有借有还减水晶,T.HeroCrystal=T.HeroCrystal-200,,,,0,[0+0],0,0,0,0,0,0,0,[],0,0,0,0,0,0
10606,有借有还加水晶,T.HeroCrystal=T.HeroCrystal+200,,,,0,[0+0],0,0,0,0,0,0,0,[],0,0,0,0,0,0
10701,大火球子弹,,,,,1,[200+0],0,2,1,0,100,10,0,[],0,0,0,0,0,0
10702,燃烧掉血,,,,,1,[10+0],0,2,1,0,0,10,0,[],0,0,0,0,0,0
10703,火环,,,,,1,[10+0],0,2,1,0,0,10,0,[],0,0,0,0,0,0
10900,牧师普攻,,,,,1,[100+0],0,2,1,0,100,10,0,[],0,0,0,0,0,0
10901,治疗,,,,,1,[100+0],0,4,1,0,0,0,0,[],0,0,0,0,0,0
10902,回血光环,,,,,1,[36+0],0,4,1,0,0,0,0,[],0,0,0,0,0,0
10903,牧师战吼BUFF,T.MaxHP=T.MaxHP+T.ClassHP*0.08,T.HP=T.HP+T.ClassHP*0.08,,,0,[0+0],0,0,0,0,0,0,0,[],0,0,0,0,0,0
11000,骑士普攻,,,,,1,[100+0],1,1,1,1,200,10,0,[],0,0,0,0,0,0
11001,冲锋撞击,T.HitPowerX=2000.0,T.HitPowerY=5000.0,,,1,[200+0],0,1,1,1,3000,13,0,[],0,0,0,0,0,0
11004,冲锋加速生效,T.SpeedVar=T.SpeedVar+T.ClassSpeed*2.0,,,,0,[0+0],0,0,0,0,0,0,0,[],0,0,0,0,0,0
11005,冲锋加速失效,T.SpeedVar=T.SpeedVar-T.ClassSpeed*2.0,,,,0,[0+0],0,0,0,0,0,0,0,[],0,0,0,0,0,0
11007,冲锋撞击次级目标范围,T.HitPowerX=2000.0,T.HitPowerY=5000.0,,,1,[200+0],0,1,1,1,3000,13,0,[],0,0,0,0,0,0
11008,圣骑士攻击战吼生效,T.PAttackVar=T.PAttackVar+T.ClassPAttack*0.25,,,,0,[0+0],0,0,0,0,0,0,0,[],0,0,0,0,0,0
11009,圣骑士攻击战吼失效,T.PAttackVar=T.PAttackVar-T.ClassPAttack*0.25,,,,0,[0+0],0,0,0,0,0,0,0,[],0,0,0,0,0,0
11010,圣骑士领袖结算,S.MaxHP=S.MaxHP+S.ClassHP*0.07,S.PGuardVar=S.PGuardVar+40,,,0,[0+0],0,0,0,0,0,0,0,[],0,0,0,0,0,0
11101,普通攻击1,,,,,1,[67+0],1,1,1,1,100,10,0,[],0,0,0,0,0,0
11102,普通攻击2,,,,,1,[133+0],1,1,1,1,100,10,0,[],0,0,0,0,0,0
11103,普通攻击3,,,,,1,[100+0],1,1,1,1,100,10,0,[],0,0,0,0,0,0
11104,刀扇,,,,,1,[200+0],0,1,0,1,200,10,0,[],0,0,0,0,0,0
11105,己方水晶增加,T.HeroCrystal=T.HeroCrystal+2,,,,0,[0+0],0,0,0,0,0,0,0,[],0,0,0,0,0,0
11106,敌方水晶减少,T.HeroCrystal=T.HeroCrystal-2,,,,0,[0+0],0,0,0,0,0,0,0,[],0,0,0,0,0,0
11200,盗贼小弟普攻,,,,,1,[100+0],1,1,1,1,100,10,0,[],0,0,0,0,0,0
11300,盗墓小弟普攻,,,,,1,[100+0],1,1,1,1,200,10,0,[],0,0,0,0,0,0
11302,盗墓小弟普攻击飞,T.HitPowerX=2000.0,T.HitPowerY=5000.0,,,1,[200+0],1,1,1,1,3000,13,0,[],0,0,0,0,0,0
11400,爆破工普攻,,,,,1,[100+0],1,1,1,1,200,10,0,[],0,0,0,0,0,0
11401,爆破工死亡爆炸,,,,,1,[200+0],0,3,1,0,300,10,0,[],0,0,0,0,0,0
11402,爆破工死亡爆炸,,,,,1,[400+0],0,3,1,0,300,10,0,[],0,0,0,0,0,0
11501,爆破工死亡延时爆炸击飞,T.HitPowerX=3000.0,T.HitPowerY=6000.0,,,0,[0+0],0,0,0,0,3000,13,0,[],0,0,0,0,0,0
11502,爆破工死亡延时爆炸伤害,,,,,1,[200+0],0,3,1,0,300,10,0,[],0,0,0,0,0,0
11503,爆破工死亡延时爆炸伤害对召唤师,,,,,1,[66+0],0,3,1,0,300,10,0,[],0,0,0,0,0,0
11600,黑衣刀手普攻,,,,,1,[100+0],1,1,1,1,200,10,0,[],0,0,0,0,0,0
11700,黑衣镖手普攻,,,,,1,[100+0],0,1,1,1,100,10,0,[],0,0,0,0,0,0
11701,黑衣镖手+100攻击距离,T.FarFireRange=T.ClassFarFireRange+100,,,,0,[0+0],0,0,0,0,0,0,0,[],0,0,0,0,0,0
12000,盾妹普攻,,,,,1,[100+0],1,1,1,1,100,10,0,[],0,0,0,0,0,0
12001,提盾生效,T.DefendVar=T.DefendVar+0.6,T.ReboundVar=T.ReboundVar+30,T.StrongVar=T.StrongVar+3000,T.StrongRecoverVar=T.StrongRecoverVar+10,0,[0+0],0,0,0,0,0,0,0,[],0,0,0,0,0,0
12002,提盾失效,T.DefendVar=T.DefendVar-0.6,T.ReboundVar=T.ReboundVar-30,T.StrongVar=0,T.StrongRecoverVar=0,0,[0+0],0,0,0,0,0,0,0,[],0,0,0,0,0,0
12003,战吼加护甲,T.PGuardVar=T.PGuardVar+200,,,,0,[0+0],0,0,0,0,0,0,0,[],0,0,0,0,0,0
20001,怒意状态持续消耗能量,T.Rage=T.Rage-2,,,,0,[0+0],0,0,0,0,0,0,0,[],0,0,0,0,0,0
20002,给队友回复能量,T.Rage=T.Rage+2,,,,0,[0+0],0,0,0,0,0,0,0,[],0,0,0,0,0,0
20003,狼人怒意加攻速,T.AttackSpeedVar=T.AttackSpeedVar*2.0,,,,0,[0+0],0,0,0,0,0,0,0,[],0,0,0,0,0,0
20004,退出怒意减攻速,T.AttackSpeedVar=T.AttackSpeedVar*0.5,,,,0,[0+0],0,0,0,0,0,0,0,[],0,0,0,0,0,0
20005,狼人撕裂攻击1,,,,,1,[400+0],1,1,0,1,0,0,0,[],0,0,0,0,0,0
20013,狼人撕裂攻击召唤师1,,,,,1,[400+0],1,1,0,1,0,0,0,[],0,0,0,0,0,0
20021,普攻-连击1,,,,,1,[100+0],1,1,1,1,200,10,0,[],0,0,0,0,0,0
20022,普攻-连击2,,,,,1,[100+0],1,1,1,1,200,10,0,[],0,0,0,0,0,0
20501,牛头人变大,T.Scale=T.Scale+0.04,T.StrongVar=T.StrongVar+20000,T.StrongRecoverVar=T.StrongRecoverVar+20000,T.HPPosY=T.HPPosY+10,0,[0+0],0,1,0,0,0,0,0,[],0,0,0,0,0,0
20502,自身怒意+回血,T.Rage=T.Rage-3,,,,1,[6+0],0,4,0,0,0,0,0,[],0,0,0,0,0,0
20503,牛头给队友回能,T.Rage=T.Rage+2,,,,0,[0+0],0,1,0,0,0,0,0,[],0,0,0,0,0,0
20506,牛头人变小,T.Scale=T.Scale-0.04,T.StrongVar=0,T.StrongRecoverVar=0,T.HPPosY=T.HPPosY-10,0,[0+0],0,1,0,0,0,0,0,[],0,0,0,0,0,0
20507,酋长踩踏,T.HitPowerY=2000.0,,,,1,[100+0],1,1,1,1,3000,13,2000,[],0,0,0,0,0,0
20508,酋长挥击,T.HitPowerY=2000.0,,,,1,[70+0],1,1,1,1,3000,13,2000,[],0,0,0,0,0,0
20510,牛头普攻,,,,,1,[100+0],1,1,1,1,200,10,0,[],0,0,0,0,0,0
20511,战争践踏,,,,,1,[100+0],1,1,1,1,3000,11,3000,[],0,0,0,0,0,0
20902,怒意消耗能量,T.Rage=T.Rage-3,,,,0,[0+0],0,0,0,0,0,0,0,[],0,0,0,0,0,0
20903,队友回能buff,T.Rage=T.Rage+2,,,,0,[0+0],0,0,0,0,0,0,0,[],0,0,0,0,0,0
20905,加攻速+表现buf,T.AttackSpeedVar=T.AttackSpeedVar*1.60,,,,0,[0+0],0,0,0,0,0,0,0,[],0,0,0,0,0,0
20906,怒意消失表现buff,T.AttackSpeedVar=T.AttackSpeedVar*0.625,,,,0,[0+0],0,0,0,0,0,0,0,[],0,0,0,0,0,0
20910,燃烧弹普攻伤害,,,,,1,[250+0],1,1,1,0,100,10,0,[],0,0,0,0,0,0
20911,投石机燃烧弹,,,,,1,[25+0],1,1,1,0,100,10,0,[],0,0,0,0,0,0
20916,投石机普攻,,,,,1,[100+0],1,1,1,0,3000,13,0,[],0,0,0,0,0,0
21100,野猪普攻1,,,,,1,[100+0],1,1,1,1,200,10,0,[],0,0,0,0,0,0
21101,野猪普攻1,T.PAttackVar=T.PAttackVar+T.PAttack*0.2,,,,0,[0+0],0,0,0,0,0,0,0,[],0,0,0,0,0,0
21201,黑熊普攻1,,,,,1,[100+0],1,1,1,1,100,10,0,[],0,0,0,0,0,0
21202,黑熊普攻2,,,,,1,[100+0],1,1,1,1,100,10,0,[],0,0,0,0,0,0
21301,灰狼普攻1,,,,,1,[100+0],1,1,1,1,100,10,0,[],0,0,0,0,0,0
21302,灰狼普攻2,,,,,1,[100+0],1,1,1,1,100,10,0,[],0,0,0,0,0,0
30001,小精灵自爆结算(对友军),,,,,0,[0+0],0,0,0,0,0,0,0,[],1,0,404,0,0,0
30002,小精灵自爆结算(对敌军),,,,,1,[100+0],0,2,0,0,100,10,0,[],0,1,404,0,0,0
30003,小精灵自爆结算(对召唤师),,,,,0,[0+0],0,0,0,0,0,0,0,[30001],0,0,404,0,0,0
30004,血条消失,T.HPPosY=5000,,,,0,[0+0],0,0,0,0,0,0,0,[],0,0,0,0,0,0
30101,精灵弓箭手普攻,,,,,1,[100+0],1,1,1,1,100,10,0,[],0,0,0,0,0,0
30102,箭雨子弹,,,,,1,[40+0],1,1,1,1,100,10,0,[],0,0,0,0,0,0
30103,精灵弓箭手自身消耗,T.Rage=T.Rage-3,,,,0,[0+0],0,1,0,0,0,0,0,[],0,0,0,0,0,0
30104,T.Rage=T.Rage+1,T.Rage=T.Rage+2,,,,0,[0+0],0,1,0,0,0,0,0,[],0,0,0,0,0,0
30113,灵动普攻击退,T.HitPowerX=10000.0,T.HitPowerY=0,,,1,[100+0],1,1,1,1,3000,12,0,[],0,0,0,0,0,0
30114,精灵弓箭手后跳,T.HitPowerX=0,T.HitPowerY=0,T.HitPowerX=2500.0,T.HitPowerY=3500.0,0,[0+0],0,0,0,0,3000,43,0,[],0,0,0,0,0,0
30302,小鹿星落耗能,T.Rage=T.Rage-3,,,,0,[0+0],0,1,1,0,0,0,0,[],0,0,0,0,0,0
30303,小鹿回能,T.Rage=T.Rage+2,,,,0,[0+0],0,1,0,0,0,0,0,[],0,0,0,0,0,0
30307,小鹿群星坠落,,,,,1,[45+0],0,2,1,0,15,10,0,[],0,0,0,0,0,0
30401,极度深寒减攻速移速,T.SpeedVar=T.SpeedVar-T.ClassSpeed*0.30,T.AttackSpeedVar=T.AttackSpeedVar*0.625,,,0,[100+0],0,2,0,0,0,0,0,[],0,0,0,0,0,0
30402,极度深寒减攻速移速失效,T.SpeedVar=T.SpeedVar+T.ClassSpeed*0.30,T.AttackSpeedVar=T.AttackSpeedVar*1.6,,,0,[100+0],0,2,0,0,0,0,0,[],0,0,0,0,0,0
30411,极度深寒冰冻,,,,,0,[100+0],0,2,0,0,3000,16,5000,[],0,0,0,0,0,0
30413,水元素普攻,,,,,1,[100+0],0,2,0,0,100,10,0,[],0,0,0,0,0,0
30414,极度深寒冰冻(满层驱散),,,,,0,[100+0],0,2,0,0,0,0,0,[],0,0,30406,0,0,0
30420,冰冻易伤（生效）,T.DefendVar=T.DefendVar-0.6,T.ResustanceVar=T.ResustanceVar-0.6,,,0,[0+0],0,0,0,0,0,0,0,[],0,0,0,0,0,0
30421,冰冻易伤（失效）,T.DefendVar=T.DefendVar+0.6,T.ResustanceVar=T.ResustanceVar+0.6,,,0,[0+0],0,0,0,0,0,0,0,[],0,0,0,0,0,0
30501,夜刃普攻1,,,,,1,[100+0],1,1,1,1,100,10,0,[],0,0,0,0,0,0
30508,破隐一击正常子弹,,,,,1,[100+0],1,1,1,1,100,10,0,[],0,0,0,0,0,0
30509,破隐一击,,,,,1,[400+0],1,1,1,1,100,10,0,[],0,0,0,0,0,0
30514,破隐一击秒杀,T.HP=0,,,,1,[100+0],1,1,1,1,100,10,0,[],0,0,0,0,0,0
30515,能量消耗,T.Rage=T.Rage-3,,,,0,[0+0],0,1,0,0,0,0,0,[],0,0,0,0,0,0
30516,能量恢复,T.Rage=T.Rage+2,,,,0,[0+0],0,1,0,0,0,0,0,[],0,0,0,0,0,0
30517,超级赛亚人BUFF,T.AttackSpeedVar=T.AttackSpeedVar*1.6,T.SpeedVar=T.SpeedVar+T.ClassSpeed*0.5,T.MissVar=T.MissVar+50,,0,[0+0],0,0,0,0,0,0,0,[],0,0,0,0,0,0
30518,去超级赛亚人BUFF,T.AttackSpeedVar=T.AttackSpeedVar*0.625,T.SpeedVar=T.SpeedVar-T.ClassSpeed*0.5,T.MissVar=T.MissVar-50,,0,[0+0],0,0,0,0,0,0,0,[],0,0,0,0,0,0
30601,能量消耗,T.Rage=T.Rage-3,,,,0,[0+0],0,1,0,0,0,0,0,[],0,0,0,0,0,0
30602,友军回能,T.Rage=T.Rage+2,,,,0,[0+0],0,1,0,0,0,0,0,[],0,0,0,0,0,0
30603,炽焰龙息,,,,,1,[75+0],0,2,1,0,200,10,0,[],0,0,0,0,0,0
30604,炽焰龙息（持续）,,,,,1,[30+0],0,2,1,0,100,10,0,[],0,0,0,0,0,0
30700,石头人普攻,T.HitPowerX=2000.0,T.HitPowerY=5000.0,,,1,[100+0],0,1,1,1,3000,13,0,[],0,0,0,0,0,0
30701,石头人捶地,T.HitPowerY=7000.0,T.HitPowerX=0,,,1,[125+0],0,1,0,1,3000,13,2000,[],0,0,0,0,0,0
30702,岩石身躯护盾生效,T.ExtraHP=T.ExtraHP+T.PAttack*2.0,T.DefendVar=T.DefendVar+0.5,T.ResustanceVar=T.ResustanceVar+0.5,,0,[0+0],0,0,0,0,0,0,0,[],0,0,0,0,0,0
30703,巨人之力(双抗),T.MGuardVar=T.MGuardVar+600,T.PGuardVar=T.PGuardVar+1500,,,0,[0+0],0,0,0,0,0,0,0,[],0,0,0,0,0,0
30704,巨人之力(双抗)失效,T.MGuardVar=T.MGuardVar-600,T.PGuardVar=T.PGuardVar-1500,,,0,[0+0],0,0,0,0,0,0,0,[],0,0,0,0,0,0
30705,岩石身躯护盾护甲失效,T.DefendVar=T.DefendVar-0.5,T.ResustanceVar=T.ResustanceVar-0.5,,,,,,,,,,,,,,,,,,0
30801,海巨人普攻,,,,,1,[100+0],1,1,1,1,200,10,0,[],0,0,0,0,0,0
30802,飞锚,,,,,1,[100+0],0,1,0,1,200,10,0,[],0,0,0,0,0,0
30804,巨人之力(攻击),T.PAttackVar=T.PAttackVar+T.ClassPAttack*0.75,T.MAttackVar=T.MAttackVar+T.ClassMAttack*0.75,,,0,[0+0],0,0,0,0,0,0,0,[],0,0,0,0,0,0
30805,巨人之力(攻击)失效,T.PAttackVar=T.PAttackVar-T.ClassPAttack*0.75,T.MAttackVar=T.MAttackVar-T.ClassMAttack*0.75,,,0,[0+0],0,0,0,0,0,0,0,[],0,0,0,0,0,0
30820,龙卷风Lv1子弹,T.HitPowerX=6000.0,T.HitPowerY=500.0,,,1,[75+0],0,1,0,1,3000,13,0,[],0,0,0,0,0,0
30871,龙卷风减速,T.SpeedVar=T.SpeedVar-22,T.PGuardVar=T.PGuardVar+2000,T.MGuardVar=T.MGuardVar+400,,0,[0+0],0,0,0,0,0,0,0,[],0,0,0,0,0,0
30872,龙卷风减速失效,T.SpeedVar=T.SpeedVar+22,T.PGuardVar=T.PGuardVar-2000,T.MGuardVar=T.MGuardVar-400,,0,[0+0],0,0,0,0,0,0,0,[],0,0,0,0,0,0
30901,大树普攻1,,,,,1,[75+0],0,2,0,0,200,10,0,[],0,0,0,0,0,0
30902,大树普攻2,,,,,1,[125+0],0,2,0,0,1000,10,0,[],0,0,0,0,0,0
30903,滋养,,,,,1,[50+0],0,4,0,0,0,0,0,[],0,0,0,0,0,0
30904,扎根护甲结算,T.PGuardVar=T.PGuardVar+750,T.MGuardVar=T.MGuardVar+750,,,0,[0+0],0,0,0,0,0,0,0,[],0,0,0,0,0,0
30905,扎根护甲失算,T.PGuardVar=T.PGuardVar-750,T.MGuardVar=T.MGuardVar-750,,,0,[0+0],0,0,0,0,0,0,0,[],0,0,0,0,0,0
30906,巨人之力（加生命上限）,T.MaxHP=T.MaxHP+T.ClassHP*0.75,,,,0,[0+0],0,0,0,0,0,0,0,[],0,0,0,0,0,0
30907,巨人之力（加生命上限）,T.MaxHP=T.MaxHP-T.ClassHP*0.75,,,,0,[0+0],0,0,0,0,0,0,0,[],0,0,0,0,0,0
31002,精灵王普攻结算,,,,,1,[100+0],1,2,0,1,300,10,0,[],0,0,0,0,0,0
31101,眩晕结算,,,,,1,[0+0],0,0,0,0,10000,11,3000,[],0,0,0,0,0,0
31102,火元素普攻结算,,,,,1,[100+0],1,1,1,1,300,10,0,[],0,0,0,0,0,0
40001,骷髅战士普攻,,,,,1,[100+0],1,1,1,1,100,10,0,[],0,0,0,0,0,0
40002,删除原本的重生BUFF,,,,,0,[0+0],0,0,0,0,0,0,0,[],0,0,40003,0,0,0
40006,重生无敌生效,T.HPPosY=1000,T.MaxHP=T.MaxHP+999999,T.HP=T.MaxHP,,0,[0+0],0,0,0,0,0,0,0,[],1,1,0,0,0,0
40007,重生无敌失效,T.HPPosY=0,T.MaxHP=T.MaxHP-999999,T.HP=T.MaxHP,,0,[0+0],0,0,0,0,0,0,0,[],0,0,0,0,0,0
40008,重生半血复活,T.HPPosY=0,T.MaxHP=T.MaxHP-999999,T.HP=T.MaxHP*0.5,,0,[0+0],0,0,0,0,0,0,0,[],0,0,0,0,0,0
40101,僵尸普攻,,,,,1,[100+0],1,1,1,1,200,10,0,[],0,0,0,0,0,0
40102,毒雾-亡语,S.MAttackVar=S.PAttack,,,,1,[75+0],0,2,0,0,0,0,0,[],0,0,0,0,0,0
40103,僵尸获得护甲,T.PGuardVar=T.PGuardVar+400,,,,0,[0+0],0,0,0,0,0,0,0,[],0,0,0,0,0,0
40104,僵尸失去护甲,T.PGuardVar=T.PGuardVar-400,,,,0,[0+0],0,0,0,0,0,0,0,[],0,0,0,0,0,0
40105,毒雾失去标记死亡,,,,,0,[0+0],0,0,0,0,0,0,0,[],0,0,0,0,0,0
40107,毒雾-治疗友军,,,,,1,[50+0],0,4,0,0,0,0,0,[],0,0,0,0,0,0
40108,无法被搜索结算,T.BeAttackable=0,T.BeAoeable=0,,,0,[0+0],0,2,0,0,0,0,,[],0,0,0,0,0,0
40109,可以被搜索结算,T.BeAttackable=1,T.BeAoeable=1,,,0,[0+0],0,2,0,0,0,0,,[],0,0,0,0,0,0
40201,骷髅弓手普攻,,,,,1,[100+0],1,1,1,1,50,10,0,[],0,0,0,0,0,0
40301,普攻,,,,,1,[100+0],1,1,1,1,100,10,0,[],0,0,0,0,0,0
40302,魂爆,,,,,1,[120+0],0,1,0,0,5000,10,0,[],0,0,0,0,0,0
40401,灵魂火,,,,,1,[100+0],0,2,1,0,100,10,0,[],0,0,0,0,0,0
40501,雪女诅咒冰冻5s,T.ResustanceVar=T.ResustanceVar-0.4,T.DefendVar=T.DefendVar-0.4,,,0,[0+0],0,0,0,0,3000,16,5000,[],0,0,0,0,0,0
40502,雪女诅咒冰冻结束,T.ResustanceVar=T.ResustanceVar+0.4,T.DefendVar=T.DefendVar+0.4,,,0,[0+0],0,0,0,0,0,0,0,[],0,0,0,0,0,0
40506,回魂加魔攻结算,S.MAttackVar=S.MAttackVar+S.ClassMAttack*0.05,,,,0,[0+0],0,0,0,0,0,0,0,[],0,0,0,0,0,0
40513,樱吹雪伤害,,,,,1,[100+0],0,2,0,0,100,10,0,[],0,0,0,0,0,0
40600,屠夫普攻,,,,,1,[100+0],1,1,1,1,200,10,0,[],0,0,0,0,0,0
40601,屠夫疯砍,,,,,1,[80+0],0,1,1,1,300,10,0,[],0,0,0,0,0,0
40606,吸血,T.VampireVar=T.VampireVar+10,,,,0,[0+0],0,0,0,0,0,0,0,[],0,0,0,0,0,0
40620,毒雾吸血加成,T.VampireVar=T.VampireVar+20,,,,0,[0+0],0,0,0,0,0,0,0,[],0,0,0,0,0,0
40621,毒雾加成返还,T.VampireVar=T.VampireVar-20,,,,0,[0+0],0,0,0,0,0,0,0,[],0,0,0,0,0,0
40701,死亡骑士普攻1,,,,,1,[87+0],1,1,1,1,200,10,0,[],0,0,0,0,0,0
40702,死亡骑士普攻2,,,,,1,[113+0],1,1,1,1,200,10,0,[],0,0,0,0,0,0
40703,死亡之盾回血,,,,,1,[75+0],0,4,0,0,0,0,0,[],0,0,0,0,0,0
40704,死亡骑士普攻带诅咒单位回血,,,,,1,[33+0],0,4,0,0,0,0,0,[],0,0,0,0,0,0
40706,恐惧光环生效,T.PAttackVar=T.PAttackVar-T.ClassPAttack*0.25,T.MAttackVar=T.MAttackVar-T.ClassMAttack*0.25,,,0,[0+0],0,0,0,0,0,0,0,[],0,0,0,0,0,0
40711,恐惧光环失效,T.PAttackVar=T.PAttackVar+T.ClassPAttack*0.25,T.MAttackVar=T.MAttackVar+T.ClassMAttack*0.25,,,0,[0+0],0,0,0,0,0,0,0,[],0,0,0,0,0,0
40800,巫妖摄魂新,,,,,1,[50+0],0,3,0,0,0,0,0,[],0,0,0,0,0,0
40806,巫妖黑暗之力,,,,,1,[125+0],0,2,1,0,100,10,0,[],0,0,0,0,0,0
40841,巫妖晕眩,,,,,1,[0+0],0,3,0,0,3000,11,3000,[],0,0,0,0,0,0
40900,吸血鬼普攻1,,,,,1,[90+0],1,1,1,1,100,10,0,[],0,0,0,0,0,0
40901,吸血鬼血腥之鞭一击,,,,,1,[70+0],0,3,0,1,100,10,0,[],0,0,0,0,0,0
40906,鲜血盛宴,T.ResustanceVar=T.ResustanceVar+0.6,T.VampireVar=T.VampireVar+10,,,0,[0+0],0,0,0,0,0,0,0,[],0,0,0,0,0,0
40911,回血,T.HP=T.HP+T.MaxHP*10,,,,0,[0+0],0,0,0,0,0,0,0,[],0,0,0,0,0,0
40914,吸血鬼普攻2,,,,,1,[110+0],1,1,1,1,100,10,0,[],0,0,0,0,0,0
40915,吸血鬼绞杀,T.HP=0,,,,0,[0+0],0,0,0,0,0,0,0,[],0,0,0,0,0,0
40917,吸血鬼变身,S.AnimationID=40903,,,,0,[0+0],0,0,0,0,0,0,0,[],0,0,0,0,0,0
40921,吸血鬼血腥之鞭二击,,,,,1,[100+0],0,3,0,1,100,10,0,[],0,0,0,0,0,0
41001,黑寡妇普攻,,,,,1,[100+0],0,1,1,1,100,10,0,[],0,0,0,0,0,0
41002,黑寡妇中毒对士兵,S.MAttackVar=S.PAttack,,,,1,[17+0],0,1,0,0,0,0,0,[],0,0,0,0,0,0
41003,黑寡妇中毒对召唤师,S.MAttackVar=S.PAttack,,,,1,[8+0],0,1,0,0,0,0,0,[],0,0,0,0,0,0
41004,黑寡妇毒雾伤害,S.MAttackVar=S.PAttack,,,,1,[35+0],0,1,0,0,0,0,0,[],0,0,0,0,0,0
41005,黑寡妇毒雾回复,,,,,1,[23+0],0,4,0,0,0,0,0,[],0,0,0,0,0,0
41006,黑寡妇喷吐,,,,,1,[0+0],0,0,0,0,3000,10,0,[],0,0,0,0,0,0
91500,新手关卡莱奥秒杀,T.HP=0,,,,0,[0+0],0,0,0,0,0,0,0,[],0,0,0,0,0,0
91501,莱奥普攻斩击3,T.HitPowerX=3000.0,T.HitPowerY=5000.0,,,1,[300+0],1,1,1,1,3000,13,1500,[],0,0,0,0,0,0
91505,莱奥普攻划刀提刀1,,,,,1,[300+0],1,1,1,1,3000,10,0,[],0,0,0,0,0,0
91506,莱奥普攻蓄力斩击,T.HitPowerX=3000.0,T.HitPowerY=5000.0,,,1,[1200+0],1,1,1,1,3000,13,1500,[],0,0,0,0,0,0
91509,莱奥普攻划刀提刀2,T.HitPowerX=3000.0,T.HitPowerY=5000.0,,,1,[300+0],1,1,1,1,3000,13,1500,[],0,0,0,0,0,0
91510,莱奥普攻划刀提刀4,T.HitPowerX=3000.0,T.HitPowerY=5000.0,,,1,[300+0],1,1,1,1,3000,13,1500,[],0,0,0,0,0,0
91511,莱奥普攻斩击3,T.HitPowerX=3000.0,T.HitPowerY=5000.0,,,1,[300+0],1,1,1,1,3000,13,1500,[],0,0,0,0,0,0
91512,黑化全秒杀,,,,,0,[0+0],0,0,0,0,3000,9,0,[],0,0,0,0,0,0
91521,莱奥普攻斩击3,T.HitPowerX=500.0,T.HitPowerY=5000.0,,,1,[60+0],1,1,1,1,3000,13,0,[],0,0,0,0,0,0
91522,莱奥气流斩,T.HitPowerX=6000.0,T.HitPowerY=0,,,1,[200+0],0,1,0,0,3000,12,0,[],0,0,0,0,0,0
91523,莱奥气流斩终结击,T.HitPowerX=2000.0,T.HitPowerY=5000.0,,,1,[240+0],0,1,0,0,3000,13,0,[],0,0,0,0,0,0
91524,觉醒结束回原位,T.X=350,,,,0,[0+0],0,2,0,0,0,0,0,[],0,0,1503,0,0,0
91525,莱奥普攻划刀提刀1,,,,,1,[61+0],1,1,1,1,0,0,0,[],0,0,0,0,0,0
91526,莱奥普攻蓄力斩击,T.HitPowerX=3000.0,T.HitPowerY=6000.0,,,1,[250+0],1,1,1,1,3000,13,1500,[],0,0,0,0,0,0
91527,觉醒莱奥防御提升,T.MGuardVar=T.MGuardVar+1500,T.PGuardVar=T.PGuardVar+1500,T.PPenetrateVar=T.PPenetrateVar+100,,0,[0+0],0,0,0,0,0,0,0,[],0,0,0,0,0,0
91528,觉醒莱奥防御提升回收,T.MGuardVar=T.MGuardVar-1500,T.PGuardVar=T.PGuardVar-1500,T.PPenetrateVar=T.PPenetrateVar-100,,0,[0+0],0,0,0,0,0,0,0,[],0,0,0,0,0,0
91529,莱奥普攻划刀提刀2,,,,,1,[101+0],1,1,1,1,0,0,0,[],0,0,0,0,0,0
91530,莱奥普攻划刀提刀4,,,,,1,[88+0],1,1,1,1,0,0,0,[],0,0,0,0,0,0
91531,莱奥普攻斩击3,T.HitPowerX=500.0,T.HitPowerY=5000.0,,,1,[75+0],1,1,1,1,3000,13,0,[],0,0,0,0,0,0
91532,觉醒结束回原位,T.X=2050,,,,0,[0+0],0,2,0,0,0,0,0,[],0,0,1503,0,0,0
91592,莱奥气流斩对召唤师,T.HitPowerX=6000.0,T.HitPowerY=0,,,1,[33+0],0,1,0,0,3000,12,0,[],0,0,0,0,0,0
91593,莱奥气流斩终结击对召唤师,T.HitPowerX=2000.0,T.HitPowerY=5000.0,,,1,[39+0],0,1,0,0,3000,13,0,[],0,0,0,0,0,0
91599,血条位置,T.HPPosY=2190,,,,0,[0+0],0,0,0,0,0,0,0,[],1,1,0,0,0,0
100101,新手关增加敌方卡牌CD,,,,,0,[0+0],0,0,0,0,0,0,0,[100101],0,0,0,0,0,0
100102,取消新手关增加敌方卡牌CD,,,,,0,[0+0],0,0,0,0,0,0,0,[100102],0,0,0,0,0,0
100103,BOSS自杀,T.HP=0,,,,0,[0+0],0,0,0,0,0,0,0,[],0,0,0,0,0,0
101301,普攻1,,,,,1,[50+0],1,1,1,1,300,10,0,[],0,0,0,0,0,0
101302,普攻2,,,,,1,[80+0],1,1,1,1,300,10,0,[],0,0,0,0,0,0
101303,手里剑结算对非召唤师,,,,,1,[300+0],0,1,1,0,3000,10,0,[],0,0,0,0,0,0
101304,手里剑结算对召唤师,,,,,1,[150+0],0,1,1,0,3000,10,0,[],0,0,0,0,0,0
101401,骷髅召唤师普攻1,,,,,1,[100+0],0,2,0,0,100,10,0,[],0,0,0,0,0,0
101406,石头人普攻,,,,,1,[100+0],1,1,1,1,750,10,0,[],0,0,0,0,0,0
101608,嗜血buff,T.PAttackVar=T.PAttackVar+1.0*T.ClassPAttack,T.CritVar=T.CritVar+50,T.SpeedVar=T.SpeedVar+T.ClassSpeed*0.30,,0,[0+0],0,2,0,0,0,0,0,[],0,0,0,0,0,0
101801,普攻蓄力斩击,T.HitPowerX=1000.0,T.HitPowerY=5000.0,,,1,[100+0],1,1,1,1,3000,13,0,[],0,0,0,0,0,0
101802,普攻蓄力斩击,,,,,1,[100+0],1,1,1,1,0,0,0,[],0,0,0,0,0,0
101901,BOSS蜘蛛普攻,,,,,1,[100+0],0,2,1,0,200,10,0,[],0,0,0,0,0,0
101902,小蜘蛛普攻,,,,,1,[100+0],0,1,1,0,200,10,0,[],0,0,0,0,0,0
101903,蓝蜘蛛普攻,,,,,1,[100+0],0,1,1,0,200,10,0,[],0,0,0,0,0,0
101904,红蜘蛛普攻,,,,,1,[100+0],0,1,1,0,200,10,0,[],0,0,0,0,0,0
101905,中毒结算Lv1,,,,,1,[30+0],0,3,1,0,0,0,0,[],0,0,0,0,0,0
101906,中毒结算Lv2,,,,,1,[60+0],0,3,1,0,0,0,0,[],0,0,0,0,0,0
101907,中毒结算Lv3,,,,,1,[90+0],0,3,1,0,0,0,0,[],0,0,0,0,0,0
101908,燃烧结算Lv1,,,,,1,[20+0],0,1,1,0,0,0,0,[],0,0,0,0,0,0
101909,燃烧结算Lv2,,,,,1,[40+0],0,1,1,0,0,0,0,[],0,0,0,0,0,0
101910,燃烧结算Lv3,,,,,1,[60+0],0,1,1,0,0,0,0,[],0,0,0,0,0,0
101911,坠落地刺,T.HitPowerX=2000.0,T.HitPowerY=8000.0,,,1,[150+0],0,2,0,0,3000,13,1500,[],0,0,0,0,0,0
102002,圣盾术回血,,,,,1,[60+0],0,4,1,0,0,0,0,[],0,0,0,0,0,0
102003,圣盾术生效,T.PGuardVar=T.PGuardVar+1200,T.MGuardVar=T.MGuardVar+200,,,0,[0+0],0,0,0,0,0,0,0,[],0,0,0,0,0,0
102004,圣盾术失效,T.PGuardVar=T.PGuardVar-1200,T.MGuardVar=T.MGuardVar-200,,,0,[0+0],0,0,0,0,0,0,0,[],0,0,0,0,0,0
102102,庇护生效,T.PGuardVar=T.PGuardVar+99999,T.MGuardVar=T.MGuardVar+99999,T.DefendVar=T.DefendVar+0.7,T.ResustanceVar=T.ResustanceVar+0.7,0,[0+0],0,0,0,0,0,0,0,[],0,0,0,0,0,0
102103,庇护失效,T.PGuardVar=T.PGuardVar-99999,T.MGuardVar=T.MGuardVar-99999,T.DefendVar=T.DefendVar-0.7,T.ResustanceVar=T.ResustanceVar-0.7,0,[0+0],0,0,0,0,0,0,0,[],0,0,0,0,0,0
102200,庇护光环结算,T.MGuardVar=T.MGuardVar+350,T.PGuardVar=T.PGuardVar+350,,,0,[0+0],0,2,0,0,0,0,0,[],0,0,0,0,0,0
102201,圣光鼓舞对敌,T.HitPowerX=1000.0,T.HitPowerY=5000.0,,,1,[50+0],0,1,0,0,3000,13,1500,[],0,0,0,0,0,0
102202,圣光鼓舞对友,,,,,1,[125+0],0,4,0,0,0,0,0,[],0,0,0,0,0,0
102203,圣光救赎,T.HitPowerX=1000.0,T.HitPowerY=5000.0,T.PGuardVar=T.PGuardVar-14000,,1,[150+0],0,1,0,0,3000,13,1500,[],0,0,0,0,0,0
102300,护盾生效,T.DefendVar=T.DefendVar+0.9,T.ResustanceVar=T.ResustanceVar+0.9,,,0,[0+0],0,2,0,0,0,0,0,[],0,0,0,0,0,0
102301,护盾失效,T.DefendVar=T.DefendVar-0.9,T.ResustanceVar=T.ResustanceVar-0.9,,,0,[0+0],0,2,0,0,0,0,0,[],0,0,0,0,0,0
102302,普攻1,,,,,1,[100+0],1,1,1,1,500,10,0,[],0,0,0,0,0,0
102303,普攻2,,,,,1,[100+0],1,1,1,1,500,10,0,[],0,0,0,0,0,0
102304,连击,,,,,1,[100+0],1,1,1,1,500,10,0,[],0,0,0,0,0,0
102306,爆炸,,,,,1,[100+0],1,3,1,1,11111,11,8000,[],0,0,102300,0,0,0
102400,爆破工普攻,,,,,1,[100+0],1,1,1,1,200,10,0,[],0,0,0,0,0,0
102501,BOSS蜘蛛普攻,,,,,1,[100+0],0,2,1,0,200,10,0,[],0,0,0,0,0,0
102502,小蜘蛛普攻,,,,,1,[100+0],0,1,1,0,200,10,0,[],0,0,0,0,0,0
102503,蓝蜘蛛普攻,,,,,1,[100+0],0,1,1,0,200,10,0,[],0,0,0,0,0,0
102504,红蜘蛛普攻,,,,,1,[100+0],0,1,1,0,200,10,0,[],0,0,0,0,0,0
102505,中毒结算Lv1,,,,,1,[30+0],0,3,1,0,0,0,0,[],0,0,0,0,0,0
102506,中毒结算Lv2,,,,,1,[60+0],0,3,1,0,0,0,0,[],0,0,0,0,0,0
102507,中毒结算Lv3,,,,,1,[90+0],0,3,1,0,0,0,0,[],0,0,0,0,0,0
102508,燃烧结算Lv1,,,,,1,[20+0],0,1,1,0,0,0,0,[],0,0,0,0,0,0
102509,燃烧结算Lv2,,,,,1,[40+0],0,1,1,0,0,0,0,[],0,0,0,0,0,0
102510,燃烧结算Lv3,,,,,1,[60+0],0,1,1,0,0,0,0,[],0,0,0,0,0,0
102511,坠落地刺,T.HitPowerX=2000.0,T.HitPowerY=8000.0,,,1,[150+0],0,2,0,0,3000,13,1500,[],0,0,0,0,0,0
102561,蛛网束缚定身,,,,,0,[0+0],0,1,0,0,3000,10,3000,[],0,0,0,0,0,0
103103,闪避buff生效,T.MissVar=T.MissVar+20,,,,0,[0+0],0,0,0,0,0,0,0,[],0,0,0,0,0,0
103104,闪避buff失效,T.MissVar=T.MissVar-20,,,,0,[0+0],0,0,0,0,0,0,0,[],0,0,0,0,0,0
103403,吊灯伤害,T.HitPowerX=3000.0,T.HitPowerY=6000.0,,,1,[0+1600],0,3,0,0,3000,13,1500,[],0,0,0,0,0,0
103601,加双抗,T.DefendVar=T.DefendVar+0.2,T.ResustanceVar=T.ResustanceVar+0.2,,,0,[0+0],0,0,0,0,0,0,0,[],0,0,0,0,0,0
103703,回血光环,,,,,1,[35+0],0,4,1,0,0,0,0,[],0,0,0,0,0,0
103800,火龙星落耗能,T.Rage=T.Rage+2,,,,0,[0+0],0,1,0,0,0,0,0,[],0,0,0,0,0,0
103900,手里剑-毒,,,,,1,[100+0],0,1,1,0,3000,10,0,[],0,0,0,0,0,0
103901,毒持续,,,,,1,[0+100],0,2,1,0,0,0,0,[],0,0,0,0,0,0
103902,狼王光环,T.MissVar=T.MissVar+25,T.CritVar=T.CritVar+25,T.DefendVar=T.DefendVar+0.5,T.VampireVar=T.VampireVar+20,0,[0+0],0,2,0,0,0,0,0,[],0,0,0,0,0,0
104101,通用能量回复（自身回能）,T.Rage=T.Rage+T.ClassRage*0.03,,,,0,[0+0],0,3,0,0,0,0,0,[],0,0,0,0,0,0
104102,龙卷风减速,T.SpeedVar=T.SpeedVar-22,,,,0,[0+0],0,0,0,0,0,0,0,[],0,0,0,0,0,0
104103,龙卷风减速失效,T.SpeedVar=T.SpeedVar+22,,,,0,[0+0],0,0,0,0,0,0,0,[],0,0,0,0,0,0
104104,飞锚Lv1,,,,,1,[100+0],0,1,0,1,100,10,0,[],0,0,0,0,0,0
104105,龙卷风Lv1子弹,T.HitPowerX=6000.0,T.HitPowerY=500.0,,,1,[75+0],0,1,0,1,3000,13,0,[],0,0,0,0,0,0
104201,母牛普攻1,,,,,1,[200+0],1,1,1,1,3000,10,0,[],0,0,0,0,0,0
104202,母牛普攻2（击飞）,T.HitPowerX=4000.0,T.HitPowerY=8000.0,,,1,[150+0],1,1,1,1,3000,13,0,[],0,0,0,0,0,0
104203,狂野践踏,T.HitPowerX=1000.0,T.HitPowerY=10000.0,,,1,[90+0],0,1,1,1,3000,13,0,[],0,0,0,0,0,0
104204,嗜血爆发,T.VampireVar=T.VampireVar+33,T.PAttackVar=T.PAttackVar+0.5*T.ClassPAttack,T.CritVar=T.CritVar+35,,0,[0+0],0,0,0,0,0,0,0,[],0,0,0,0,0,0
104205,能量回复（自身回能）,T.Rage=T.Rage+T.ClassRage*0.075,,,,0,[0+0],0,3,0,0,0,0,0,[],0,0,0,0,0,0
104303,石柱干标示单位,T.HP=0,,,,0,[0+0],0,1,1,0,0,0,0,[],0,0,0,0,0,0
104401,死亡骑士普攻1,,,,,1,[180+0],1,1,1,1,200,10,0,[],0,0,0,0,0,0
104402,死亡骑士普攻2,T.HitPowerX=2000.0,T.HitPowerY=5000.0,,,1,[120+0],1,1,1,1,3000,13,0,[],0,0,0,0,0,0
105101,狼人加攻击,T.PAttackVar=T.PAttackVar+1.0*T.ClassPAttack,,,,0,[0+0],0,2,0,0,0,0,0,[],0,0,0,0,0,0
105401,加农炮群体伤害与击退,T.HitPowerX=12000.0,T.HitPowerY=0,,,1,[50+0],0,1,1,1,3000,12,0,[],0,0,0,0,0,0
105402,击退流血伤害,,,,,1,[0+120],0,1,0,0,0,0,0,[],0,0,0,0,0,0
105403,停止血迹buff,,,,,0,[0+0],0,0,0,0,0,0,0,[],0,0,105402,0,0,0
105404,停止流血buff,,,,,0,[0+0],0,0,0,0,0,0,0,[],0,0,105404,0,0,0
105501,维京人普攻（对召唤师）,,,,,1,[500+0],1,1,1,1,200,10,0,[],0,0,0,0,0,0
105502,维京人冲锋伤害与击退,T.HitPowerX=12000.0,T.HitPowerY=0,,,1,[50+0],0,1,1,1,3000,12,0,[],0,0,0,0,0,0
105505,维京人冲锋加速,T.SpeedVar=T.SpeedVar+T.ClassSpeed*2.0,,,,0,[0+0],0,0,0,0,0,0,0,[],0,0,0,0,0,0
105506,维京人冲锋结束减速,T.SpeedVar=T.SpeedVar-T.ClassSpeed*2.0,,,,0,[0+0],0,0,0,0,0,0,0,[],0,0,0,0,0,0
105601,骑士普攻,T.HitPowerX=12000.0,T.HitPowerY=0,,,1,[100+0],1,1,1,1,3000,12,0,[],0,0,0,0,0,0
105602,骑士普攻（对召唤师）,,,,,1,[1000+0],1,1,1,1,200,10,0,[],0,0,0,0,0,0
105603,骑士冲锋秒杀,T.HitPowerX=2960.0,T.HitPowerY=5000.0,T.HP=0,,1,[1+99999],0,1,1,0,3000,13,0,[],0,0,0,0,0,0
105604,冲锋撞击次级目标范围,T.HitPowerX=2000.0,T.HitPowerY=5000.0,T.HP=0,,1,[1+99999],0,1,1,0,3000,13,0,[],0,0,0,0,0,0
105605,圣盾术生效,T.DefendVar=T.DefendVar+1.0,T.ResustanceVar=T.ResustanceVar+1.0,,,0,[0+0],0,0,0,0,0,0,0,[],0,0,0,0,0,0
105606,圣盾术失效,T.DefendVar=T.DefendVar-1.0,T.ResustanceVar=T.ResustanceVar-1.0,,,0,[0+0],0,0,0,0,0,0,0,[],0,0,0,0,0,0
105607,圣盾术回血,,,,,1,[0+5000],0,4,0,0,0,0,0,[],0,0,0,0,0,0
105608,普攻Aoe伤害,,,,,1,[100+0],0,1,0,0,0,0,0,[],0,0,0,0,0,0
105701,牛头人嗜血化结算,T.SpeedVar=T.SpeedVar+T.ClassSpeed*0.60,T.AttackSpeedVar=T.AttackSpeedVar*1.60,,T.HP=T.MaxHP,0,[0+0],0,0,0,0,0,0,0,[],0,0,0,0,0,0
105702,小鹿嗜血化结算,T.SpeedVar=T.SpeedVar+T.ClassSpeed*0.60,T.AttackSpeedVar=T.AttackSpeedVar*1.60,,T.HP=T.MaxHP,0,[0+0],0,0,0,0,0,0,0,[],0,0,0,0,0,0
105703,夜刃Boss嗜血化结算,T.SpeedVar=T.SpeedVar+T.ClassSpeed*0.60,T.AttackSpeedVar=T.AttackSpeedVar*1.60,T.PGuardVar=T.PGuardVar+1000,T.PGuardVar=T.PGuardVar+1000,0,[0+0],0,0,0,0,0,0,0,[],0,0,0,0,0,0
105704,夜刃嗜血化结算,T.SpeedVar=T.SpeedVar+T.ClassSpeed*0.60,T.AttackSpeedVar=T.AttackSpeedVar*1.60,,T.HP=T.MaxHP,0,[0+0],0,0,0,0,0,0,0,[],0,0,0,0,0,0
105705,精灵弓手Boss嗜血化结算,T.SpeedVar=T.SpeedVar+T.ClassSpeed*0.60,T.AttackSpeedVar=T.AttackSpeedVar*1.60,T.PGuardVar=T.PGuardVar+1000,T.PGuardVar=T.PGuardVar+1000,0,[0+0],0,0,0,0,0,0,0,[],0,0,0,0,0,0
105706,石头人嗜血化结算,T.SpeedVar=T.SpeedVar+T.ClassSpeed*0.60,T.AttackSpeedVar=T.AttackSpeedVar*1.60,T.MaxHP=T.MaxHP+T.ClassHP*0.3,T.HP=T.MaxHP,0,[0+0],0,0,0,0,0,0,0,[],0,0,0,0,0,0
105707,牛头人Boss嗜血化结算,T.SpeedVar=T.SpeedVar+T.ClassSpeed*0.60,T.AttackSpeedVar=T.AttackSpeedVar*1.60,T.PGuardVar=T.PGuardVar+1000,T.PGuardVar=T.PGuardVar+1000,0,[0+0],0,0,0,0,0,0,0,[],0,0,0,0,0,0
105801,灵动普攻击退,T.HitPowerX=10000.0,T.HitPowerY=0,,,1,[100+0],1,1,1,1,3000,12,0,[],0,0,0,0,0,0
105901,战争践踏,,,,,1,[100+0],1,1,1,1,3000,11,2000,[],0,0,0,0,0,0
105902,牛头普攻,,,,,1,[100+0],1,1,1,1,200,10,0,[],0,0,0,0,0,0
105903,牛头复活前置,T.HP=T.MaxHP*1.0,T.HPPosY=T.HPPosY+1000,T.BeAttackable=0,T.BeAoeable=0,0,[0+0],0,0,0,0,0,0,0,[],0,0,0,0,0,0
105904,牛头复活后置,T.HP=T.MaxHP*1.0,T.HPPosY=T.HPPosY-1000,T.BeAttackable=1,T.BeAoeable=1,0,[0+0],0,0,0,0,0,0,0,[],0,0,0,0,0,0
105905,牛头出生能量清0,T.Rage=0,,,,0,[0+0],0,0,0,0,0,0,0,[],0,0,0,0,0,0
105906,牛头出生持续回能,T.Rage=T.Rage+2,,,,0,[0+0],0,0,0,0,0,0,0,[],0,0,0,0,0,0
106001,僵尸普攻,,,,,1,[100+0],1,1,1,1,200,10,0,[],0,0,0,0,0,0
106002,转为Boss阵营,,,,,0,[0+0],0,0,0,0,0,0,0,[],0,0,0,0,0,1
106003,水元素普攻,,,,,1,[200+0],0,2,0,0,100,10,0,[],0,0,0,0,0,0
106004,极度深寒减攻速移速,T.SpeedVar=T.SpeedVar-T.ClassSpeed*0.30,T.AttackSpeedVar=T.AttackSpeedVar*0.625,,,0,[100+0],0,2,0,0,0,0,0,[],0,0,0,0,0,0
106005,极度深寒减攻速移速失效,T.SpeedVar=T.SpeedVar+T.ClassSpeed*0.30,T.AttackSpeedVar=T.AttackSpeedVar*1.6,,,0,[100+0],0,2,0,0,0,0,0,[],0,0,0,0,0,0
106006,极度深寒冰冻,,,,,0,[100+0],0,2,0,0,3000,16,5000,[],0,0,0,0,0,0
106007,极度深寒冰冻(满层驱散),,,,,0,[100+0],0,2,0,0,0,0,0,[],0,0,30406,0,0,0
106008,冰冻易伤（生效）,T.DefendVar=T.DefendVar-0.6,T.ResustanceVar=T.ResustanceVar-0.6,,,0,[0+0],0,0,0,0,0,0,0,[],0,0,0,0,0,0
106009,冰冻易伤（失效）,T.DefendVar=T.DefendVar+0.6,T.ResustanceVar=T.ResustanceVar+0.6,,,0,[0+0],0,0,0,0,0,0,0,[],0,0,0,0,0,0
106010,毒雾-亡语,S.MAttackVar=S.PAttack,,,,1,[60+0],0,2,0,0,0,0,0,[],0,0,0,0,0,0
106011,改变血条位置,T.HPPosY=1000,,,,0,[0+0],0,0,0,0,0,0,0,[],1,1,0,0,0,0
106101,风吹雪击飞（无诅咒非冰冻）,T.HitPowerX=2500.0,T.HitPowerY=4000.0,,,1,[100+0],0,2,0,0,3000,13,0,[],0,0,0,0,0,0
106102,风吹雪击飞（无诅咒冰冻）,,,,,1,[100+0],0,2,0,0,0,0,0,[],0,0,0,0,0,0
106103,回魂加魔攻并回血结算,T.MAttackVar=T.MAttackVar+T.ClassMAttack*0.02,T.MPRecoverVar=T.MPRecoverVar+T.ClassMPRecover*0.01,,,1,[0+300],0,4,0,0,0,0,0,[],0,0,0,0,0,0
106201,巫妖三星技能眩晕,,,,,0,[0+0],0,0,0,0,3000,11,3000,[],0,0,404,0,0,0
106202,泥潭死亡,,,,,0,[0+0],0,0,0,0,100000,1,0,[],0,0,0,0,0,0
106203,无法被搜索结算,T.BeAttackable=0,T.BeAoeable=0,,,0,[0+0],0,2,0,0,0,0,,[],0,0,0,0,0,0
106301,水元素普攻,,,,,1,[200+0],0,2,0,0,100,10,0,[],0,0,0,0,0,0
106501,生命之藤缠绕（永久）,,,,,0,[0+0],0,0,0,0,5000,10,100000,[],0,0,0,0,0,0
106502,生命之藤Boss汲血,,,,,1,[0+100],0,1,0,1,0,0,0,[],0,0,0,0,0,0
106503,生命之藤死亡,T.HP=0,,,,0,[0+0],0,0,0,0,0,0,0,[],0,0,0,0,0,0
106504,获取目标特效大小,S.Scale=T.EffectScale*1.3,S.EffectScale=T.EffectScale*1.3,,,0,[0+0],0,0,0,0,0,0,0,[],0,0,0,0,0,0
106505,清除角色负面状态并清除负面buff,,,,,0,[0+0],0,0,0,0,5000,11,100,[],0,0,106502,0,0,0
106506,一个清除buff不够用-角色死亡连带藤蔓死亡buff,,,,,0,[0+0],0,0,0,0,0,0,0,[],0,0,106503,0,0,0
106507,魔藤缠绕转换阵营,,,,,0,[0+0],0,0,0,0,0,0,0,[],0,0,0,0,0,1
106508,魔化之藤缠绕（5S）,,,,,0,[0+0],0,0,0,0,5000,10,5000,[],0,0,0,0,0,0
106509,清除角色负面状态并清除负面buff,,,,,0,[0+0],0,0,0,0,5000,11,100,[],0,0,106506,0,0,0
106510,树魔普攻1,,,,,1,[35+0],1,3,1,1,0,0,0,[],0,0,0,0,0,0
106511,清除1类搜索buff可以被搜索,,,,,0,[0+0],0,0,0,0,0,0,0,[],0,0,106511,0,0,0
106512,一个清除buff不够用-角色死亡连带藤蔓死亡buff,,,,,0,[0+0],0,0,0,0,0,0,0,[],0,0,106508,0,0,0
106901,狼人普攻1,,,,,1,[118+0],1,1,1,1,100,10,0,[],0,0,0,0,0,0
106902,狼人普攻2,,,,,1,[82+0],1,1,1,1,100,10,0,[],0,0,0,0,0,0
106903,狼人标记普攻1,,,,,1,[218+0],1,1,1,1,100,10,0,[],0,0,0,0,0,0
106904,狼人标记普攻2,,,,,1,[182+0],1,1,1,1,100,10,0,[],0,0,0,0,0,0
106905,狂暴加攻速移速,T.AttackSpeedVar=T.AttackSpeedVar*1.5,T.SpeedVar=T.SpeedVar+T.ClassSpeed*0.5,,,0,[0+0],0,0,0,0,0,0,0,[],0,0,0,0,0,0
106907,流血,,,,,1,[0+20],0,3,0,0,0,0,0,[],0,0,0,0,0,0
107101,402嗜血生效结算,T.SpeedVar=T.SpeedVar+T.ClassSpeed*0.50,T.DefendVar=T.DefendVar+0.8,T.ResustanceVar=T.ResustanceVar+0.8,T.HP=T.MaxHP,0,[0+0],0,0,0,0,0,0,0,[],0,0,0,0,0,0
107102,402嗜血生效结算,T.SpeedVar=T.SpeedVar-T.ClassSpeed*0.50,T.DefendVar=T.DefendVar-0.8,T.ResustanceVar=T.ResustanceVar-0.8,,0,[0+0],0,0,0,0,0,0,0,[],0,0,0,0,0,0
107103,402嗜血回能效果生效结算,T.Rage=T.Rage+2,,,,0,[0+0],0,0,0,0,0,0,0,[],0,0,0,0,0,0
107201,牛头人普攻1,,,,,1,[90+0],1,1,1,1,100,10,0,[],0,0,0,0,0,0
107202,牛头人普攻2,,,,,1,[110+0],1,1,1,1,100,10,0,[],0,0,0,0,0,0
107203,战争践踏,,,,,1,[70+0],1,1,1,1,3000,11,2000,[],0,0,0,0,0,0
107204,召唤师死亡结算,T.HP=0,,,,0,[0+0],0,0,0,0,0,0,0,[],0,0,0,0,0,0
107205,牢笼石柱普攻攻击牢笼,,,,,1,[0+0],0,1,0,0,0,0,0,[],0,0,0,0,0,0
107206,牢笼石柱关搜索,T.BeAttackable=0,T.HP=T.MaxHP,T.BeAoeable=0,,0,[0+0],0,0,0,0,0,0,0,[],1,1,0,0,0,0
107207,牢笼石柱开搜索,T.BeAttackable=1,T.HP=T.MaxHP,T.BeAoeable=1,,0,[0+0],0,0,0,0,0,0,0,[],1,1,0,0,0,0
107209,牢笼受击,T.HP=T.HP-T.MaxHP*0.05,,,,0,[0+0],0,0,0,0,0,0,0,[],0,0,0,0,0,0
107227,牢笼召唤物BUFF生效,T.DefendVar=T.DefendVar+0.3,T.ResustanceVar=T.ResustanceVar+0.7,T.PAttackVar=T.PAttackVar+T.ClassPAttack*3.0,T.MAttackVar=T.MAttackVar+T.ClassMAttack*2.0,0,[0+0],0,0,0,0,0,0,0,[],0,0,0,0,0,0
107228,牢笼召唤物BUFF失效,T.DefendVar=T.DefendVar-0.3,T.ResustanceVar=T.ResustanceVar-0.7,T.PAttackVar=T.PAttackVar-T.ClassPAttack*3.0,T.MAttackVar=T.MAttackVar-T.ClassMAttack*2.0,0,[0+0],0,0,0,0,0,0,0,[],0,0,0,0,0,0
107229,牢笼召唤物BUFF失效,T.Rage=T.Rage+10,T.HP=T.HP+T.MaxHP*0.1,,,0,[0+0],0,0,0,0,0,0,0,[],0,0,0,0,0,0
107501,骑士普攻,,,,,1,[100+0],1,1,1,1,200,10,0,[],0,0,0,0,0,0
107502,圣盾术生效,T.PGuardVar=T.PGuardVar+750,,,,0,[0+0],0,0,0,0,0,0,0,[],0,0,0,0,0,0
107503,圣盾术失效,T.PGuardVar=T.PGuardVar-750,,,,0,[0+0],0,0,0,0,0,0,0,[],0,0,0,0,0,0
107504,圣盾术回血,,,,,1,[0+500],0,4,1,0,0,0,0,[],0,0,0,0,0,0
107505,加物理免伤,T.DefendVar=T.DefendVar+0.2,,,,0,[0+0],0,0,0,0,0,0,0,[],0,0,0,0,0,0
107506,鼓舞加速生效,T.SpeedVar=T.SpeedVar+T.ClassSpeed*1.0,,,,0,[0+0],0,0,0,0,0,0,0,[],0,0,0,0,0,0
107507,鼓舞加速失效,T.SpeedVar=T.SpeedVar-T.ClassSpeed*1.0,,,,0,[0+0],0,0,0,0,0,0,0,[],0,0,0,0,0,0
107508,鼓舞加速无敌生效,T.DefendVar=T.DefendVar+1.0,T.ResustanceVar=T.ResustanceVar+1.0,,,0,[0+0],0,0,0,0,0,0,0,[],0,0,0,0,0,0
107509,鼓舞加速无敌失效,T.DefendVar=T.DefendVar-1.0,T.ResustanceVar=T.ResustanceVar-1.0,,,0,[0+0],0,0,0,0,0,0,0,[],0,0,0,0,0,0
107801,普攻1,T.HitPowerX=1000.0,T.HitPowerY=5000.0,,,1,[100+0],1,1,1,1,3000,13,0,[],0,0,0,0,0,0
107802,普攻2,,,,,1,[100+0],1,1,1,1,0,0,0,[],0,0,0,0,0,0
107803,飞铲,T.HitPowerX=6000.0,T.HitPowerY=0,,,1,[200+0],0,1,0,0,3000,12,0,[],0,0,0,0,0,0
107804,尸气弹伤害减甲,T.PGuardVar=T.PGuardVar-500,,,,1,[70+0],0,1,0,0,0,0,0,[],0,0,0,0,0,0
107805,中毒,,,,,1,[0+40],0,1,0,0,0,0,0,[],0,0,0,0,0,0
107806,中毒减甲失效,T.PGuardVar=T.PGuardVar+500,,,,0,[0+0],0,0,0,0,0,0,0,[],0,0,0,0,0,0
107807,死亡对面加水晶,T.HeroCrystal=T.HeroCrystal+50,,,,0,[0+0],0,0,0,0,0,0,0,[],0,0,0,0,0,0
107808,加暴击,T.CritVar=T.CritVar+100,,,,0,[0+0],0,0,0,0,0,0,0,[],0,0,0,0,0,0
107809,暴击恢复,T.CritVar=T.CritVar-100,,,,0,[0+0],0,0,0,0,0,0,0,[],0,0,0,0,0,0
108001,瘟疫使者普攻1,,,,,1,[100+0],1,1,1,1,200,10,0,[],0,0,0,0,0,0
108002,瘟疫使者普攻2,,,,,1,[150+0],1,1,1,1,200,10,0,[],0,0,0,0,0,0
108003,瘟疫使者瘟疫减速,T.AttackSpeedVar=T.AttackSpeedVar*0.5,T.SpeedVar=T.SpeedVar-T.ClassSpeed*0.5,,,0,[0+0],0,0,0,0,0,0,0,[],0,0,0,0,0,0
108004,瘟疫使者瘟疫减速恢复,T.AttackSpeedVar=T.AttackSpeedVar/0.5,T.SpeedVar=T.SpeedVar+T.ClassSpeed*0.5,,,0,[0+0],0,0,0,0,0,0,0,[],0,0,0,0,0,0
108005,僵尸瘟疫减速,T.AttackSpeedVar=T.AttackSpeedVar*0.7,T.SpeedVar=T.SpeedVar-T.ClassSpeed*0.3,,,0,[0+0],0,0,0,0,0,0,0,[],0,0,0,0,0,0
108006,僵尸使者瘟疫减速恢复,T.AttackSpeedVar=T.AttackSpeedVar/0.7,T.SpeedVar=T.SpeedVar+T.ClassSpeed*0.3,,,0,[0+0],0,0,0,0,0,0,0,[],0,0,0,0,0,0
108101,收魂回血,T.MaxHP=T.MaxHP+50,,,,1,[0+50],0,4,0,0,0,0,0,[],0,0,0,0,0,0
108201,受攻击转化到被击状态,,,,,0,[0+0],0,0,0,0,3000,10,0,[],0,0,108201,0,0,0
108202,死亡之盾回血,,,,,1,[100+0],0,4,0,0,0,0,0,[],0,0,0,0,0,0
108207,死亡骑士普攻2,T.HitPowerX=6000.0,T.HitPowerY=0,,,1,[113+0],1,1,1,1,3000,12,0,[],0,0,0,0,0,0
108301,骨龙龙息击退,T.HitPowerX=20000.0,T.HitPowerY=0,,,0,[0+0],0,0,0,0,3000,12,0,[],0,0,0,0,0,0
108302,骨龙元气弹（士兵最高伤害）,T.HitPowerX=10000.0,T.HitPowerY=0,,,1,[60+0],0,2,0,0,2000,12,0,[],0,0,0,0,0,0
108303,骨龙元气弹（召唤师最高伤害）,,,,,1,[60+0],0,2,0,0,200,10,0,[],0,0,0,0,0,0
108304,骨龙元气弹（士兵中等伤害）,T.HitPowerX=10000.0,T.HitPowerY=0,,,1,[40+0],0,2,0,0,2000,12,0,[],0,0,0,0,0,0
108305,骨龙元气弹（召唤师中等伤害）,,,,,1,[40+0],0,2,0,0,200,10,0,[],0,0,0,0,0,0
108306,骨龙元气弹（士兵最低伤害）,T.HitPowerX=10000.0,T.HitPowerY=0,,,1,[20+0],0,2,0,0,2000,12,0,[],0,0,0,0,0,0
108307,骨龙元气弹（召唤师最低伤害）,,,,,1,[20+0],0,2,0,0,200,10,0,[],0,0,0,0,0,0
108701,能量箭,,,,,1,[160+0],1,1,1,1,100,10,0,[],0,0,0,0,0,0
108702,回能光环,T.Rage=T.Rage+5,,,,0,[0+0],0,0,0,0,0,0,0,[],0,0,0,0,0,0
108703,燃烧弹普攻伤害,,,,,1,[250+0],1,1,1,0,100,10,0,[],0,0,0,0,0,0
108704,投石机燃烧弹,,,,,1,[25+0],1,1,1,0,100,10,0,[],0,0,0,0,0,0
108705,投石机普攻,,,,,1,[100+0],1,1,1,0,3000,13,0,[],0,0,0,0,0,0
108801,狼人普攻1,,,,,1,[118+0],1,1,1,1,100,10,0,[],0,0,0,0,0,0
108802,狼人普攻2,,,,,1,[82+0],1,1,1,1,100,10,0,[],0,0,0,0,0,0
108803,狂暴加攻速移速Lv1,T.AttackSpeedVar=T.AttackSpeedVar*1.4,T.SpeedVar=T.SpeedVar+T.ClassSpeed*0.4,,,0,[0+0],0,0,0,0,0,0,0,[],0,0,0,0,0,0
108804,狂暴加攻速移速Lv1恢复,T.AttackSpeedVar=T.AttackSpeedVar-0.4,T.SpeedVar=T.SpeedVar-T.ClassSpeed*0.4,,,0,[0+0],0,0,0,0,0,0,0,[],0,0,0,0,0,0
108901,牛头人普攻1,,,,,1,[90+0],1,1,1,1,100,10,0,[],0,0,0,0,0,0
108902,牛头人普攻2,,,,,1,[110+0],1,1,1,1,100,10,0,[],0,0,0,0,0,0
108903,战争践踏,,,,,1,[100+0],1,1,1,1,3000,11,2000,[],0,0,0,0,0,0
109001,石头人普攻,,,,,1,[100+0],1,1,1,1,750,10,0,[],0,0,0,0,0,0
109002,石头人捶地lv1,T.HitPowerY=7000.0,T.HitPowerX=0,,,1,[125+0],0,1,0,1,3000,13,2000,[],0,0,0,0,0,0
109003,落石晕眩,,,,,1,[10+0],0,1,0,0,3000,11,6000,[],0,0,0,0,0,0
109301,屠夫普攻,,,,,1,[150+0],1,1,1,1,200,10,0,[],0,0,0,0,0,0
109302,屠夫疯砍,,,,,1,[100+0],0,1,1,1,300,10,0,[],0,0,0,0,0,0
109303,瘟疫之源,,,,,1,[0+20],0,2,0,0,0,0,0,[],0,0,0,0,0,0
109501,自然族青年普攻,,,,,1,[500+0],1,1,1,1,100,10,0,[],0,0,0,0,0,0
109502,自然族青年技能1,,,,,1,[700+0],0,1,1,1,400,10,0,[],0,0,0,0,0,0
109503,自带流血,,,,,1,[20+0],0,1,0,0,0,0,0,[],0,0,0,0,0,0
109504,敌人死亡自己回血,,,,,1,[100+0],0,4,0,0,0,0,0,[],0,0,0,0,0,0
109601,巫妖技能,,,,,1,[125+0],0,2,0,0,200,10,0,[],0,0,0,0,0,0
109602,陷阱爆炸,,,,,1,[400+0],0,2,0,0,200,10,0,[],0,0,0,0,0,0
109603,陷阱即死,T.HP=0,,,,0,[0+0],0,2,0,0,0,0,0,[],0,0,0,0,0,0
109901,死亡骑士普攻1,,,,,1,[87+0],1,1,1,1,200,10,0,[],0,0,0,0,0,0
109902,死亡骑士普攻2,,,,,1,[113+0],1,1,1,1,200,10,0,[],0,0,0,0,0,0
109903,恐惧光环生效lv1,T.PAttackVar=T.PAttackVar-T.ClassPAttack*0.25,T.MAttackVar=T.MAttackVar-T.ClassMAttack*0.25,,,0,[0+0],0,0,0,0,0,0,0,[],0,0,0,0,0,0
109904,恐惧光环失效lv1,T.PAttackVar=T.PAttackVar+T.ClassPAttack*0.25,T.MAttackVar=T.MAttackVar+T.ClassMAttack*0.25,,,0,[0+0],0,0,0,0,0,0,0,[],0,0,0,0,0,0
109905,盾回血,,,,,1,[50+0],0,4,0,0,0,0,0,[],0,0,0,0,0,0
109906,冲击波,,,,,1,[100+0],1,1,1,1,3000,11,0,[],0,0,0,0,0,0
109909,冲击波召唤师结算,,,,,1,[50+0],1,1,1,1,200,10,0,[],0,0,0,0,0,0
109910,冲击波结束BOSS加攻击,T.PAttackVar=T.PAttackVar+T.ClassPAttack*0.4,,,,0,[0+0],0,0,0,0,0,0,0,[],0,0,0,0,0,0
109911,死亡骑士灵魂冲击单位,T.HitPowerX=2720.0,T.HitPowerY=5000.0,,,1,[200+0],0,1,0,0,3000,13,0,[],0,0,0,0,0,0
109912,死亡骑士加攻击动作。,T.HitPowerX=2720.0,T.HitPowerY=5000.0,,,1,[0+0],0,0,0,0,3000,13,0,[],0,0,0,0,0,0
110101,召唤师普攻,,,,,1,[100+0],0,2,0,0,200,10,0,[],0,0,0,0,0,0
110102,召唤师雷球,T.HitPowerX=2720.0,T.HitPowerY=3000.0,,,1,[30+0],0,2,0,0,3000,13,0,[],0,0,0,0,0,0
110501,回血光环,,,,,1,[100+0],0,4,1,0,0,0,0,[],0,0,0,0,0,0
110502,圣盾术生效,T.PGuardVar=T.PGuardVar+1200,T.MGuardVar=T.MGuardVar+1200,,,0,[0+0],0,0,0,0,0,0,0,[],0,0,0,0,0,0
110503,圣盾术失效,T.PGuardVar=T.PGuardVar-1200,T.MGuardVar=T.MGuardVar-1200,,,0,[0+0],0,0,0,0,0,0,0,[],0,0,0,0,0,0
110504,圣盾术回血,,,,,1,[50+0],0,4,1,0,0,0,0,[],0,0,0,0,0,0
110505,骑士普攻,,,,,1,[100+0],1,1,1,1,200,10,0,[],0,0,0,0,0,0
110552,减怒,T.Rage=T.Rage-100,,,,1,[0+0],0,0,0,0,0,0,0,[],1,1,0,0,0,0
110553,恢复血量,T.BeAttackable=0,T.BeAoeable=0,T.HP=T.MaxHP,,1,[0+0],0,0,0,0,0,0,0,[],1,1,0,0,0,1
110554,开启搜索AB搜索,T.BeAttackable=1,T.BeAoeable=1,T.HP=T.MaxHP,,1,[0+0],0,0,0,0,0,0,0,[],1,1,0,0,0,0
110555,能量回复（自身回能）,T.Rage=T.Rage+T.ClassRage*0.02,,,,0,[0+0],0,3,0,0,0,0,0,[],0,0,0,0,0,0
110701,庇护光环结算,T.MGuardVar=T.MGuardVar+350,T.PGuardVar=T.PGuardVar+350,,,0,[0+0],0,2,0,0,0,0,0,[],0,0,0,0,0,0
110703,圣光救赎,T.HitPowerX=1000.0,T.HitPowerY=5000.0,T.PGuardVar=T.PGuardVar-14000,,1,[150+0],0,1,0,0,3000,13,1500,[],0,0,0,0,0,0
110704,圣光审判,T.HP=1,T.ExtraHP=0,,,0,[0+0],0,1,0,0,0,0,0,[],0,0,0,0,0,0
110705,消除召唤师的圣光标记,,,,,0,[0+0],0,1,0,0,0,0,0,[],0,0,110703,0,0,0
110706,圣光审判对召唤师,,,,,1,[30+0],0,1,0,0,0,0,0,[],0,0,0,0,0,0
110802,天使降临主目标,,,,,1,[600+0],0,4,1,0,0,0,0,[],0,0,0,0,0,0
110803,天使降临AOE,,,,,1,[200+0],0,4,1,0,0,0,0,[],0,0,0,0,0,0
110851,防御塔Lv1,,,,,1,[100+0],1,1,1,1,100,10,0,[],0,0,0,0,0,0
110852,防御塔Lv2,,,,,1,[100+0],1,1,1,1,100,10,0,[],0,0,0,0,0,0
110854,防御塔升级lv2,T.AttackSpeedVar=T.AttackSpeedVar*1.60,T.PAttackVar=T.ClassPAttack*1.5,,,1,[500+0],1,4,1,1,100,10,0,[],1,1,0,0,0,0
110901,庇护生效,T.PGuardVar=T.PGuardVar+99999,T.MGuardVar=T.MGuardVar+99999,T.DefendVar=T.DefendVar+0.7,T.ResustanceVar=T.ResustanceVar+0.7,0,[0+0],0,0,0,0,0,0,0,[],0,0,0,0,0,0
110902,庇护失效,T.PGuardVar=T.PGuardVar-99999,T.MGuardVar=T.MGuardVar-99999,T.DefendVar=T.DefendVar-0.7,T.ResustanceVar=T.ResustanceVar-0.7,0,[0+0],0,0,0,0,0,0,0,[],0,0,0,0,0,0
111001,加农炮,S.PPenetrateVar=S.PPenetrateVar+50,T.HitPowerX=12000.0,T.HitPowerY=0,,1,[200+0],0,1,1,1,3000,12,0,[],0,0,0,0,0,0
111102,觉醒临时增加属性LV1,T.MAttackVar=T.MAttackVar+0.32*T.ClassPAttack,,,,0,[0+0],0,0,0,0,0,0,0,[],0,0,0,0,0,0
111103,魔剑士普攻（魔法）,,,,,1,[100+0],1,2,1,1,200,10,0,[],0,0,0,0,0,0
111104,魔剑士普攻（物理）,,,,,1,[100+0],1,1,1,1,100,10,0,[],0,0,0,0,0,0
111201,觉醒临时增加属性LV1,T.MAttackVar=T.MAttackVar+0.32*T.ClassPAttack,,,,0,[0+0],0,0,0,0,0,0,0,[],0,0,0,0,0,0
111202,魔抗LV1,T.ResustanceVar=T.ResustanceVar+0.80,,,,0,[0+0],0,0,0,0,0,0,0,[],0,0,0,0,0,0
111301,加双抗,T.DefendVar=T.DefendVar+0.2,T.ResustanceVar=T.ResustanceVar+0.2,,,0,[0+0],0,0,0,0,0,0,0,[],0,0,0,0,0,0
111401,嗜血buff结算,T.VampireVar=T.VampireVar+35,T.PAttackVar=T.PAttackVar+0.5*T.ClassPAttack,T.CritVar=T.CritVar+35,,0,[0+0],0,0,0,0,0,0,0,[],0,0,0,0,0,0
111651,冰女巨冰生命赋值,T.MaxHP=T.MAttack*25,,,,0,[10+0],0,2,1,0,0,0,0,[],0,0,0,0,0,0
111671,恢复血量,T.BeAttackable=0,T.BeAoeable=0,T.HP=T.MaxHP,,1,[0+0],0,0,0,0,0,0,0,[],1,1,0,0,0,1
111672,开启搜索AB搜索,T.BeAttackable=1,T.BeAoeable=1,T.HP=T.MaxHP,,1,[0+0],0,0,0,0,0,0,0,[],1,1,0,0,0,0
111673,血泉回血,,,,,1,[100+0],0,4,0,0,0,0,0,[],0,0,0,0,0,0
111705,骷髅召唤师普攻1,,,,,1,[100+0],0,2,0,0,100,10,0,[],0,0,0,0,0,0
111800,死亡之盾回血,,,,,1,[75+0],0,4,0,0,0,0,0,[],0,0,0,0,0,0
111802,死亡骑士普攻1,,,,,1,[87+0],1,1,1,1,200,10,0,[],0,0,0,0,0,0
111803,死亡骑士普攻2,,,,,1,[113+0],1,1,1,1,200,10,0,[],0,0,0,0,0,0
111901,地狱之火结算,,,,,1,[150+0],0,2,0,0,0,0,0,[],0,0,0,0,0,0
112101,狼人普攻1,,,,,1,[120+0],1,1,1,1,1000,10,0,[],0,0,0,0,0,0
112102,狼人普攻2,,,,,1,[90+0],1,1,1,1,1000,10,0,[],0,0,0,0,0,0
112201,飞锚Lv1,T.HitPowerX=10000.0,T.HitPowerY=0,,,1,[100+0],0,1,0,1,3000,12,0,[],0,0,0,0,0,0
112301,燃烧掉血（敌人）,,,,,1,[20+0],0,2,1,0,0,0,0,[],0,0,0,0,0,0
112302,燃烧掉血（自己）,,,,,1,[5+0],0,2,0,0,0,0,0,[],0,0,0,0,0,0
112303,爆炸(士兵),,,,,1,[700+0],0,2,0,0,0,0,0,[],0,0,0,0,0,0
112304,爆炸(英雄),,,,,1,[700+0],0,2,0,0,0,0,0,[],0,0,0,0,0,0
112401,石柱生效1,T.SpeedVar=T.SpeedVar-T.ClassSpeed*0.50,,,,0,[0+0],0,0,0,0,0,0,0,[],0,0,0,0,0,0
112402,石柱失效1,T.SpeedVar=T.SpeedVar+T.ClassSpeed*0.50,,,,0,[0+0],0,0,0,0,0,0,0,[],0,0,0,0,0,0
112403,石柱生效2,T.SpeedVar=T.SpeedVar+T.ClassSpeed*0.70,T.HPPosY=50,,,0,[0+0],0,0,0,0,0,0,0,[],0,0,0,0,0,0
112404,石柱失效2,T.SpeedVar=T.SpeedVar-T.ClassSpeed*0.70,T.HPPosY=0,,,0,[0+0],0,0,0,0,0,0,0,[],0,0,0,0,0,0
112405,石柱生效3,T.PAttackVar=T.PAttackVar*1.6,T.MAttackVar=T.MAttackVar*1.6,,,0,[0+0],0,0,0,0,0,0,0,[],0,0,0,0,0,0
112406,石柱失效3,T.PAttackVar=T.PAttackVar*0.625,T.MAttackVar=T.MAttackVar*0.625,,,0,[0+0],0,0,0,0,0,0,0,[],0,0,0,0,0,0
112407,Boss召唤僵尸状态,,,,,0,[0+0],0,0,0,0,1501,33,0,[],0,0,0,0,0,0
112408,1次状态更变,T.BeAttackable=0,T.HP=T.MaxHP*1.0,T.HPPosY=1000,T.BeAoeable=0,0,[0+0],0,0,0,0,0,0,0,[],0,0,0,0,0,3
112409,石柱变回来,T.BeAttackable=1,T.HP=T.MaxHP*1.0,T.HPPosY=0,T.BeAoeable=1,0,[0+0],0,0,0,0,0,0,0,[],0,0,0,0,0,4
112410,石柱状态转换,T.HP=T.MaxHP*1,,,,0,[0+0],0,0,0,0,40000,34,0,[],0,0,0,0,0,0
112411,Boss复活石柱状态,,,,,0,[0+0],0,0,0,0,40000,34,0,[],0,0,0,0,0,0
112412,石柱爆炸,T.HP=0,,,,0,[0+0],0,0,0,0,0,0,0,[],0,0,0,0,0,0
112413,驱散BUFF,,,,,0,[0+0],0,0,0,0,0,0,0,[],1,0,0,0,0,0
112602,击飞影压,T.HitPowerX=2000.0,T.HitPowerY=8000.0,T.HP=T.HP*0.50,,1,[150+0],0,2,0,0,3000,13,1500,[],0,0,0,0,0,0
112701,火雨,,,,,1,[85+0],0,3,1,0,200,10,0,[],0,0,0,0,0,0
112702,火雨对召唤师,,,,,1,[28+0],0,3,1,0,200,10,0,[],0,0,0,0,0,0
112703,火雨燃烧,,,,,1,[35+0],0,3,1,0,0,0,0,[],0,0,0,0,0,0
112704,火雨燃烧对召唤师,,,,,1,[12+0],0,3,1,0,0,0,0,[],0,0,0,0,0,0
112705,让目标进入待机状态,,,,,1,[0+0],0,0,0,0,3000,10,3000,[],0,0,0,0,0,0
112901,复仇女神普攻,,,,,1,[100+0],1,1,1,1,100,10,0,[],0,0,0,0,0,0
112902,复仇女神竖劈（带击飞）,T.HitPowerX=2000.0,T.HitPowerY=5000.0,,,1,[160+0],0,1,1,1,3000,13,0,[],0,0,0,0,0,0
112903,龙卷风吹起敌人,T.HitPowerY=7000.0,T.HitPowerX=0,,,1,[200+0],0,3,1,0,3000,13,2000,[],0,0,0,0,0,0
113000,尤达米尔火球,,,,,1,[175+0],0,2,1,0,3000,10,0,[],0,0,0,0,0,0
113001,尤达米尔冰球,,,,,1,[175+0],0,2,1,0,0,0,0,[],0,0,0,0,0,0
113002,尤达米尔大宝剑,T.HitPowerX=8000.0,T.HitPowerY=6000.0,T.PGuardVar=T.PGuardVar-99999,,0,[0+0],0,1,0,0,6000,13,200,[],0,0,0,0,0,0
113003,尤达米尔雷球,,,,,1,[50+0],0,2,0,0,3000,11,3000,[],0,0,0,0,0,0
113004,尤达米尔火球召唤师,,,,,1,[58+0],0,2,1,0,3000,10,0,[],0,0,0,0,0,0
113005,尤达米尔冰球召唤师,,,,,1,[58+0],0,2,1,0,0,0,0,[],0,0,0,0,0,0
113101,圣光领域对友,T.DefendVar=T.DefendVar+0.5,T.ResustanceVar=T.ResustanceVar+0.5,T.PAttackVar=T.PAttackVar+0.5*T.ClassPAttack,T.MAttackVar=T.MAttackVar+T.ClassMAttack*0.5,0,[0+0],0,0,0,0,0,0,0,[],0,0,0,0,0,0
113102,圣光领域对友失效,T.DefendVar=T.DefendVar-0.5,T.ResustanceVar=T.ResustanceVar-0.5,T.PAttackVar=T.PAttackVar-0.5*T.ClassPAttack,T.MAttackVar=T.MAttackVar-T.ClassMAttack*0.5,0,[0+0],0,0,0,0,0,0,0,[],0,0,0,0,0,0
113201,刺客伤害,,,,,1,[30+0],0,1,1,0,0,0,0,[],0,0,0,0,0,0
113202,刺客大伤害,,,,,1,[60+0],0,1,1,0,0,0,0,[],0,0,0,0,0,0
113203,莱奥气流斩,T.HitPowerX=6000.0,T.HitPowerY=0,,,1,[1000+1000],0,3,1,0,3000,12,0,[],0,0,0,0,0,0
113204,光剑伤害,,,,,1,[5+0],0,1,1,0,0,0,0,[],0,0,0,0,0,0
113401,闪电风暴结算,,,,,1,[100+0],0,2,0,0,3000,10,0,[],0,0,0,0,0,0
113500,时间透支,,,,,0,[0+0],0,0,0,0,0,0,0,[113500],0,0,0,0,0,0
113501,时间透支失效,,,,,0,[0+0],0,0,0,0,0,0,0,[113501],0,0,0,0,0,0
113502,时间禁锢,,,,,0,[0+0],0,0,0,0,0,0,0,[113502],0,0,0,0,0,0
113503,时间禁锢失效,,,,,0,[0+0],0,0,0,0,0,0,0,[113503],0,0,0,0,0,0
113504,驱逐,,,,,0,[0+0],0,0,0,0,0,0,0,[113504],0,0,0,0,0,0
113505,驱逐失效,,,,,0,[0+0],0,0,0,0,0,0,0,[113505],0,0,0,0,0,0
113506,终焉之剑对召唤师,,,,,1,[100+0],0,2,1,0,3000,10,0,[],0,0,0,0,0,0
113507,终焉之剑,,,,,1,[100+0],0,2,1,0,3000,10,0,[],0,0,0,0,0,0
113508,时之终焉,T.HP=0,,,,0,[0+0],0,0,0,0,0,0,0,[],0,0,0,0,0,0
140201,爬塔死神暗影炮,,,,,1,[200+0],0,2,0,0,0,0,0,[],0,0,0,0,0,0
140202,爬塔死神死亡镰刀AOE,,,,,1,[200+0],0,2,0,0,0,0,0,[],0,0,0,0,0,0
140203,爬塔死神死亡镰刀斩杀,T.HP=0,,,,0,[0+0],0,0,0,0,0,0,0,[],0,0,0,0,0,0
140204,爬塔死神黑暗深渊对士兵伤害,,,,,1,[100+0],0,2,0,0,0,0,0,[],0,0,0,0,0,0
140205,爬塔死神黑暗深渊对召唤师伤害,,,,,1,[50+0],0,2,0,0,0,0,0,[],0,0,0,0,0,0
140206,爬塔死神血条变动,T.HPPosY=150,,,,0,[50+0],0,2,0,0,0,0,0,[],0,0,0,0,0,0
140801,冰女冰弹,,,,,1,[175+0],0,2,1,0,0,0,0,[],0,0,0,0,0,0
140802,冰弹减速,T.SpeedVar=T.SpeedVar-T.ClassSpeed*0.9,,,,0,[0+0],0,2,0,0,0,0,0,[],0,0,0,0,0,0
140803,冰弹减速失效,T.SpeedVar=T.SpeedVar+T.ClassSpeed*0.9,,,,0,[0+0],0,2,0,0,0,0,0,[],0,0,0,0,0,0
140901,复仇女神普攻,,,,,1,[100+0],1,1,1,1,100,10,0,[],0,0,0,0,0,0
140902,复仇女神竖劈（带击飞）,T.HitPowerX=2000.0,T.HitPowerY=5000.0,,,1,[160+0],0,1,1,1,3000,13,0,[],0,0,0,0,0,0
140903,龙卷风吹起敌人,T.HitPowerY=7000.0,T.HitPowerX=0,,,1,[200+0],0,3,1,0,3000,13,2000,[],0,0,0,0,0,0
141001,普攻1,,,,,1,[80+0],1,1,1,1,300,10,0,[],0,0,0,0,0,0
141002,普攻2,,,,,1,[50+0],1,1,1,1,300,10,0,[],0,0,0,0,0,0
141003,手里剑结算对非召唤师,,,,,1,[200+0],0,1,1,0,3000,10,0,[],0,0,0,0,0,0
141004,手里剑结算对召唤师,,,,,1,[150+0],0,1,1,0,3000,10,0,[],0,0,0,0,0,0
141005,手里剑-毒,,,,,1,[100+0],0,1,1,0,0,0,0,[],0,0,0,0,0,0
141101,普攻,,,,,1,[100+0],1,3,1,1,100,10,0,[],0,0,0,0,0,0
141102,穿刺子弹,,,,,1,[150+0],1,3,0,1,100,10,0,[],0,0,0,0,0,0
141103,闪电子弹,,,,,1,[500+0],1,3,0,1,10000,11,0,[],0,0,0,0,0,0
141104,横扫子弹,T.HitPowerX=4000.0,T.HitPowerY=1000.0,,,1,[150+0],1,3,1,1,3000,13,0,[],0,0,0,0,0,0
141301,时间透支,,,,,0,[0+0],0,0,0,0,0,0,0,[113500],0,0,0,0,0,0
141302,时间透支失效,,,,,0,[0+0],0,0,0,0,0,0,0,[113501],0,0,0,0,0,0
141303,时间禁锢,,,,,0,[0+0],0,0,0,0,0,0,0,[113502],0,0,0,0,0,0
141304,时间禁锢失效,,,,,0,[0+0],0,0,0,0,0,0,0,[113503],0,0,0,0,0,0
141305,终焉之剑对召唤师,,,,,1,[100+0],0,2,1,0,3000,10,0,[],0,0,0,0,0,0
141306,终焉之剑,,,,,1,[100+0],0,2,1,0,3000,10,0,[],0,0,0,0,0,0
141307,时之终焉,T.HP=0,,,,0,[0+0],0,0,0,0,0,0,0,[],0,0,0,0,0,0
142100,加护盾,,,,,0,[0+0],0,0,0,0,0,0,0,[],0,0,0,0,0,0
142101,普攻1,,,,,1,[100+0],1,1,1,1,0,0,0,[],0,0,0,0,0,0
142102,普攻2,,,,,1,[100+0],1,1,1,1,0,0,0,[],0,0,0,0,0,0
142103,连击,,,,,1,[100+0],1,1,1,1,0,0,0,[],0,0,0,0,0,0
142104,减双抗,T.PGuardVar=T.PGuardVar-2000,T.MGuardVar=T.MGuardVar-2000,,,0,[0+0],0,0,0,0,0,0,0,[],0,0,142100,0,0,0
142201,深渊,,,,,1,[120+0],0,2,0,0,0,0,0,[],0,0,0,0,0,0
142301,诅咒子弹,T.HP=0,,,,0,[0+0],0,1,1,0,0,0,0,[],0,0,0,0,0,0
142401,尸气弹,,,,,1,[100+0],0,1,1,0,0,0,0,[],0,0,0,0,0,0
142402,中毒,T.PGuardVar=T.PGuardVar-500,,,,1,[20+0],0,1,1,0,0,0,0,[],0,0,0,0,0,0
142501,大树普攻1,,,,,1,[101+0],1,1,1,1,200,10,0,[],0,0,0,0,0,0
142502,大树普攻2,,,,,1,[99+0],1,1,1,1,1000,10,0,[],0,0,0,0,0,0
142601,火枪手普攻,,,,,1,[100+0],1,1,1,0,100,10,0,[],0,0,0,0,0,0
142602,加农炮LV1,T.HitPowerX=4000.0,T.HitPowerY=10000.0,,,1,[120+0],0,1,1,0,3000,13,0,[],0,0,0,0,0,0
142701,艾丽卡熊普攻1,T.HitPowerX=700.0,T.HitPowerY=5000.0,,,1,[100+0],1,1,1,1,3000,13,0,[],0,0,0,0,0,0
142702,艾丽卡熊普攻终极击,T.HitPowerX=3000.0,T.HitPowerY=2000.0,,,1,[150+0],0,1,1,1,3000,12,0,[],0,0,0,0,0,0
142703,艾丽卡熊普攻2,,,,,1,[100+0],1,1,1,1,200,10,0,[],0,0,0,0,0,0
143600,圣光大宝剑,T.HitPowerX=4900.0,T.HitPowerY=6000.0,,,1,[33+0],0,1,0,0,3000,13,1500,[],0,0,0,0,0,0
,,,,,,,,,,,,,,,,,,,,,
161001,黑城堡投石车反伤,T.ReboundVar=T.ReboundVar+40,,,,0,[0+0],0,0,0,0,0,0,0,[],0,0,0,0,0,0
161002,二星投石机普攻,T.HitPowerX=700.0,T.HitPowerY=3000.0,,,1,[100+0],1,1,1,0,3000,13,1000,[],0,0,0,0,0,0
161003,燃烧弹普攻伤害,T.HitPowerX=1000.0,T.HitPowerY=6000.0,,,1,[175+0],1,1,1,0,3000,13,1000,[],0,0,0,0,0,0
161004,投石机燃烧弹lv1,,,,,1,[15+0],0,1,1,0,100,10,0,[],0,0,0,0,0,0
161005,Boss回怒气BUFF,T.Rage=T.Rage+1000,,,,0,[0+0],0,0,0,0,0,0,0,[],0,0,0,0,0,0
161006,火雨,,,,,1,[55+0],0,1,1,0,200,10,0,[],0,0,0,0,0,0
161007,火雨对召唤师,,,,,1,[15+0],0,1,1,0,200,10,0,[],0,0,0,0,0,0
,,,,,,,,,,,,,,,,,,,,,
161101,死亡之盾护甲,T.PGuardVar=T.PGuardVar+1000,,,,0,[0+0],0,0,0,0,0,0,0,[],0,0,0,0,0,0
161102,恐惧光环生效lv5,T.PAttackVar=T.PAttackVar-T.ClassPAttack*0.45,T.MAttackVar=T.MAttackVar-T.ClassMAttack*0.45,,,0,[0+0],0,0,0,0,0,0,0,[],0,0,0,0,0,0
161103,恐惧光环失效lv5,T.PAttackVar=T.PAttackVar+T.ClassPAttack*0.45,T.MAttackVar=T.MAttackVar+T.ClassMAttack*0.45,,,0,[0+0],0,0,0,0,0,0,0,[],0,0,0,0,0,0
161104,死亡之盾减护甲,T.PGuardVar=T.PGuardVar-1000,,,,0,[0+0],0,0,0,0,0,0,0,[],0,0,0,0,0,0
161201,嗜血buff,T.PAttackVar=T.PAttackVar+1.0*T.ClassPAttack,T.CritVar=T.CritVar+50,T.SpeedVar=T.SpeedVar+T.ClassSpeed*0.30,,0,[0+0],0,2,0,0,0,0,0,[],0,0,0,0,0,0
161202,嗜血buff,T.PAttackVar=T.PAttackVar-1.0*T.ClassPAttack,T.CritVar=T.CritVar-50,T.SpeedVar=T.SpeedVar-T.ClassSpeed*0.30,,0,[0+0],0,2,0,0,0,0,0,[],0,0,0,0,0,0
161300,助战-400水晶,T.HeroCrystal=T.HeroCrystal+400,,,,0,[0+0],0,0,0,0,0,0,0,[],0,0,0,0,0,0
161301,骨龙龙息击退,T.HitPowerX=20000.0,T.HitPowerY=0,,,0,[0+0],0,0,0,0,3000,12,0,[],0,0,0,0,0,0
161302,骨龙元气弹（士兵最高伤害）,T.HitPowerX=10000.0,T.HitPowerY=0,,,1,[60+0],0,2,0,0,2000,12,0,[],0,0,0,0,0,0
161303,骨龙元气弹（召唤师最高伤害）,,,,,1,[60+0],0,2,0,0,200,10,0,[],0,0,0,0,0,0
161304,骨龙元气弹（士兵中等伤害）,T.HitPowerX=10000.0,T.HitPowerY=0,,,1,[50+0],0,2,0,0,2000,12,0,[],0,0,0,0,0,0
161305,骨龙元气弹（召唤师中等伤害）,,,,,1,[50+0],0,2,0,0,200,10,0,[],0,0,0,0,0,0
161306,骨龙元气弹（士兵最低伤害）,T.HitPowerX=10000.0,T.HitPowerY=0,,,1,[40+0],0,2,0,0,2000,12,0,[],0,0,0,0,0,0
161307,骨龙元气弹（召唤师最低伤害）,,,,,1,[40+0],0,2,0,0,200,10,0,[],0,0,0,0,0,0
161401,尸气弹,,,,,1,[80+0],0,1,1,0,0,0,0,[],0,0,0,0,0,0
161402,中毒,,,,,1,[50+0],0,1,0,0,0,0,0,[],0,0,0,0,0,0
161403,普攻蓄力斩击,,,,,1,[100+0],1,1,1,1,0,0,0,[],0,0,0,0,0,0
161404,召唤师去毒雾,,,,,0,[0+0],0,1,0,0,0,0,0,[],0,0,161404,0,0,0
161501,吸血鬼普攻1,,,,,1,[90+0],1,1,1,1,200,10,0,[],0,0,0,0,0,0
161502,吸血鬼普攻2,,,,,1,[110+0],1,1,1,1,200,10,0,[],0,0,0,0,0,0
161503,吸血鬼血腥之鞭一击,,,,,1,[80+0],0,3,0,1,3000,10,0,[],0,0,0,0,0,0
161504,吸血鬼血腥之鞭二击,,,,,1,[85+0],0,3,0,1,3000,10,0,[],0,0,0,0,0,0
161506,鲜血凋零,,,,,1,[0+10],0,5,0,0,0,0,0,[],0,0,0,0,0,0
161507,吸血鬼能量回复,T.Rage=T.Rage+100,,,,0,[0+0],0,0,0,0,0,0,0,[],0,0,0,0,0,0
161601,四星聚魂结算,S.MAttackVar=S.MAttackVar+S.ClassMAttack*0.03,,,,0,[0+0],0,0,0,0,0,0,0,[],0,0,0,0,0,0
161602,巫妖三星技能眩晕,,,,,0,[0+0],0,0,0,0,3000,11,3000,[],0,0,400,0,0,0
161603,巫妖技能,,,,,1,[125+0],0,2,0,0,200,10,0,[],0,0,0,0,0,0
161701,瘟疫使者普攻1,,,,,1,[100+0],1,1,1,1,200,10,0,[],0,0,0,0,0,0
161702,瘟疫使者普攻2,,,,,1,[150+0],1,1,1,1,200,10,0,[],0,0,0,0,0,0
161703,毒雾,,,,,1,[10+0],0,2,0,0,0,0,0,[],0,0,0,0,0,0
161704,召唤师中毒,,,,,1,[10+0],0,2,0,0,0,0,0,[],0,0,0,0,0,0
161705,治疗,,,,,1,[60+0],0,4,1,0,0,0,0,[],0,0,0,0,0,0
162101,炮台未变身普攻,,,,,1,[100+0],1,1,1,1,100,10,0,[],0,0,0,0,0,0
162102,炮台变身普攻,,,,,1,[100+0],1,1,1,1,100,10,0,[],0,0,0,0,0,0
162103,炮台加速,T.AttackSpeedVar=T.AttackSpeedVar*3,,,,0,[0+0],0,0,0,0,0,0,0,[],0,0,0,0,0,0
162104,高能箭,T.HitPowerX=10000.0,T.HitPowerY=0,,,1,[100+0],1,1,1,1,3000,12,0,[],0,0,0,0,0,0
162105,精灵弓箭手吊射,,,,,1,[10+0],1,1,0,0,0,0,0,[],0,0,0,0,0,0
162201,风吹雪伤害,,,,,1,[100+0],0,2,0,0,100,10,0,[],0,0,0,0,0,0
162301,大树普攻1,,,,,1,[75+0],0,2,0,0,200,10,0,[],0,0,0,0,0,0
162302,大树普攻2,,,,,1,[125+0],0,2,0,0,3000,11,3000,[],0,0,0,0,0,0
162303,滋养,T.Rage=T.Rage+3,,,,1,[50+0],0,4,0,0,0,0,0,[],0,0,0,0,0,0
162304,玩家英雄瞬移,T.X=1700,,,,0,[0+0],0,0,0,0,0,0,0,[],0,0,0,0,0,0
162305,怪物瞬移,T.X=550,,,,0,[0+0],0,0,0,0,0,0,0,[],0,0,0,0,0,0
162306,传送门死亡,T.HP=0,,,,0,[0+0],0,0,0,0,0,0,0,[],0,0,0,0,0,0
162307,关C类搜索,T.BeAoeable=0,,,,0,[0+0],0,2,0,0,0,0,,[],0,0,0,0,0,0
162308,传送门死亡,T.HP=0,,,,0,[0+0],0,0,0,0,0,0,0,[],0,0,0,0,0,0
162401,友方炮台初始状态,T.Rage=T.Rage-100,T.HP=T.MaxHP*0.2,T.BeAoeable=0,,0,[0+0],0,3,0,0,0,0,0,[],0,0,0,0,0,
162402,炮台伤害结算,,,,,1,[100+0],1,1,1,1,100,10,0,[],0,0,0,0,0,0
162404,能量回复（自身回能）,T.Rage=T.Rage+T.ClassRage*0.05,T.HP=T.HP+2000,,,0,[0+0],0,3,0,0,0,0,0,[],0,0,0,0,0,0
162405,防御塔升级lv2,T.AttackSpeedVar=T.AttackSpeedVar*1.60,T.PAttackVar=T.ClassPAttack*2.0,T.Scale=T.Scale+0.3,T.HPPosY=70,0,[500+0],1,4,1,1,100,10,0,[],1,1,0,0,0,0
162406,铁匠出生,T.AttackSpeedVar=T.AttackSpeedVar*1.20,,,,0,[0+0],0,3,0,0,0,0,0,[],0,0,0,0,0,0
162407,铁匠能量回复,T.Rage=T.Rage+T.ClassRage*0.04,T.HP=T.HP+T.MaxHP*0.02,,,0,[0+0],0,3,0,0,0,0,0,[],0,0,0,0,0,0
162408,击飞铁匠,T.HitPowerX=9000.0,T.HitPowerY=7000.0,,,0,[0+0],0,0,0,0,10000,48,0,[],0,0,0,0,0,0
162409,减怒,T.Rage=T.Rage-100,,,,1,[0+0],0,0,0,0,0,0,0,[],1,1,0,0,0,0
162411,LV2升级,T.AttackSpeedVar=T.AttackSpeedVar*1.20,T.PAttackVar=T.ClassPAttack*1.3,T.Scale=T.Scale+0.15,T.HPPosY=90,0,[500+0],1,4,1,1,100,10,0,[],0,0,0,0,0,0
162412,LV3升级,T.AttackSpeedVar=T.AttackSpeedVar*1.20,T.PAttackVar=T.ClassPAttack*1.3,T.Scale=T.Scale+0.15,T.HPPosY=100,0,[500+0],1,4,1,1,100,10,0,[],0,0,0,0,0,0
162413,LV4升级,T.AttackSpeedVar=T.AttackSpeedVar*2.4,T.PAttackVar=T.ClassPAttack*1.7,T.Scale=T.Scale+0.05,T.HPPosY=110,0,[500+0],1,4,1,1,100,10,0,[],0,0,0,0,0,0
162415,能量回复LV1（自身回能）,T.Rage=T.Rage+T.ClassRage*0.1,T.HP=T.HP+T.MaxHP*0.01,,,0,[0+0],0,3,0,0,0,0,0,[],0,0,0,0,0,0
162416,铁匠加护盾LV5,T.ExtraHP=T.ExtraHP+S.MAttack*4.2,,,,0,[0+0],0,0,0,0,0,0,0,[],0,0,0,0,0,0
162433,小兵普攻,,,,,1,[100+0],0,1,1,1,100,10,1000,[],0,0,0,0,0,0
162501,普攻,,,,,1,[100+0],1,1,1,1,100,10,0,[],0,0,0,0,0,0
162502,穿刺子弹,,,,,1,[65+0],1,1,0,1,100,10,0,[],0,0,0,0,0,0
162503,闪电子弹,,,,,1,[500+150],1,3,0,1,10000,11,0,[],0,0,0,0,0,0
162504,横扫子弹,T.HitPowerX=4000.0,T.HitPowerY=1000.0,,,1,[80+50],1,1,1,1,3000,13,0,[],0,0,0,0,0,0
162505,戳地子弹,T.HitPowerX=2000.0,T.HitPowerY=8000.0,,,1,[70+65],1,1,1,1,3000,13,0,[],0,0,0,0,0,0
162602,消耗怒气,T.Rage=T.Rage-100,,,,0,[0+0],0,0,0,0,0,0,0,[],0,0,0,0,0,0
162603,回复怒气,S.Rage=S.Rage+S.ClassRage*0.07,,,,0,[0+0],0,0,0,0,0,0,0,[],0,0,0,0,0,0
162608,蛛网束缚定身,,,,,0,[0+0],0,1,0,0,3000,10,3000,[],0,0,0,0,0,0
162701,减怒,T.Rage=0,,,,0,[0+0],0,0,0,0,0,0,0,[],1,1,0,0,0,0
162702,能量回复（自身回能）,T.Rage=T.Rage+T.ClassRage*0.02,,,,0,[0+0],0,3,0,0,0,0,0,[],0,0,0,0,0,0
,,,,,,,,,,,,,,,,,,,,,
165201,火法火球,,,,,1,[200+0],0,2,1,0,3000,10,0,[],0,0,0,0,0,0
165202,火法火雨燃烧,,,,,1,[23+0],0,2,1,0,0,0,0,[],0,0,0,0,0,0
165203,骨龙龙息击退,T.HitPowerX=8000.0,T.HitPowerY=0,,,1,[75+0],0,2,0,0,3000,12,0,[],0,0,0,0,0,0
165204,骨龙元气弹（士兵最高伤害）,T.HitPowerX=10000.0,T.HitPowerY=0,,,1,[700+0],0,2,0,0,2000,12,0,[],0,0,0,0,0,0
165205,骨龙元气弹（士兵中等伤害）,T.HitPowerX=10000.0,T.HitPowerY=0,,,1,[300+0],0,2,0,0,2000,12,0,[],0,0,0,0,0,0
165206,骨龙元气弹（士兵最低伤害）,T.HitPowerX=10000.0,T.HitPowerY=0,,,1,[10+0],0,2,0,0,2000,12,0,[],0,0,0,0,0,0
,,,,,,,,,,,,,,,,,,,,,
165401,骷髅血毒击退,T.HitPowerX=12000.0,T.HitPowerY=0,,,1,[75+0],0,1,0,0,3000,12,0,[],0,0,0,0,0,0
165402,范围伤害+死亡骷髅,T.HitPowerX=0,T.HitPowerY=5000.0,,,1,[200+0],0,1,0,0,3000,12,0,[],0,0,0,0,0,0
165403,全屏击飞,T.HitPowerX=1000.0,T.HitPowerY=7000.0,,,0,[0+0],0,0,0,0,0,0,0,[],0,0,0,0,0,0
,,,,,,,,,,,,,,,,,,,,,
165601,冰女冰弹,,,,,1,[175+0],0,2,1,0,0,0,0,[],0,0,0,0,0,0
165602,冰女暴风雪,,,,,1,[28+0],0,2,1,0,0,0,0,[],0,0,0,0,0,0
165603,永久冰冻结算,,,,,1,[100+0],0,2,0,0,3000,16,1500,[],0,0,0,0,0,0
165604,删除冰冻BUFF,,,,,0,[0+0],0,3,0,0,0,0,0,[],0,0,165601,0,0,0
165612,减免伤,T.DefendVar=T.DefendVar-1.0,T.ResustanceVar=T.ResustanceVar-1.0,,,0,[0+0],0,3,0,0,0,0,0,[],0,0,0,0,0,0
165613,加免伤,T.DefendVar=T.DefendVar+1.0,T.ResustanceVar=T.ResustanceVar+1.0,,,0,[0+0],0,3,0,0,0,0,0,[],0,0,0,0,0,0
,,,,,,,,,,,,,,,,,,,,,
165701,删除位置1标记,,,,,0,[0+0],0,0,0,0,0,0,0,[],0,0,165701,0,0,0
165702,删除位置2标记,,,,,0,[0+0],0,0,0,0,0,0,0,[],0,0,165702,0,0,0
165703,删除位置3标记,,,,,0,[0+0],0,0,0,0,0,0,0,[],0,0,165703,0,0,0
165704,删除位置4标记,,,,,0,[0+0],0,0,0,0,0,0,0,[],0,0,165704,0,0,0
165705,恢复能量,T.Rage=T.Rage+2,,,,0,[0+0],0,0,0,0,0,0,0,[],0,0,0,0,0,0
165706,能量消耗,T.Rage=0,,,,0,[0+0],0,0,0,0,0,0,0,[],0,0,0,0,0,0
,,,,,,,,,,,,,,,,,,,,,
165801,普攻1,T.HitPowerX=4000.0,T.HitPowerY=1000.0,,,1,[100+0],0,1,0,0,3000,13,0,[],0,0,0,0,0,0
165803,普攻2,T.HitPowerX=1000.0,T.HitPowerY=7000.0,,,0,[100+0],0,1,0,0,3000,13,0,[],0,0,0,0,0,0
165804,冥斩,T.HitPowerX=2000.0,T.HitPowerY=5000.0,,,1,[220+0],0,1,0,0,3000,13,0,[],0,0,0,0,0,0
,,,,,,,,,,,,,,,,,,,,,
170001,精灵之光每秒回复,,,,,1,[23+0],0,4,0,0,0,0,0,[],0,0,0,0,0,0
170100,庇护光环结算,T.DefendVar=T.DefendVar+0.25,T.ResustanceVar=T.ResustanceVar+0.25,,,0,[0+0],0,2,0,0,0,0,0,[],0,0,0,0,0,0
170101,圣光领域对敌,T.DefendVar=T.DefendVar-0.25,T.ResustanceVar=T.ResustanceVar-0.25,T.PAttackVar=T.PAttackVar-0.25*T.ClassPAttack,T.MAttackVar=T.MAttackVar-T.ClassMAttack*0.25,0,[0+0],0,0,0,0,0,0,0,[],0,0,0,0,0,0
170102,圣光领域对友,T.DefendVar=T.DefendVar+0.25,T.ResustanceVar=T.ResustanceVar+0.25,T.PAttackVar=T.PAttackVar+0.25*T.ClassPAttack,T.MAttackVar=T.MAttackVar+T.ClassMAttack*0.25,0,[0+0],0,0,0,0,0,0,0,[],0,0,0,0,0,0
170103,圣光大宝剑,T.HitPowerX=4000.0,T.HitPowerY=6000.0,T.PGuardVar=T.PGuardVar-99999,,0,[0+0],0,1,0,0,3000,13,1500,[],0,0,0,0,0,0
170104,圣光审判,T.HP=1,,,,0,[0+0],0,1,0,0,0,0,0,[],0,0,0,0,0,0
170111,圣光领域对敌失效,T.DefendVar=T.DefendVar+0.25,T.ResustanceVar=T.ResustanceVar+0.25,T.PAttackVar=T.PAttackVar+0.25*T.ClassPAttack,T.MAttackVar=T.MAttackVar+T.ClassMAttack*0.25,0,[0+0],0,0,0,0,0,0,0,[],0,0,0,0,0,0
170112,圣光领域对友失效,T.DefendVar=T.DefendVar-0.25,T.ResustanceVar=T.ResustanceVar-0.25,T.PAttackVar=T.PAttackVar-0.25*T.ClassPAttack,T.MAttackVar=T.MAttackVar-T.ClassMAttack*0.25,0,[0+0],0,0,0,0,0,0,0,[],0,0,0,0,0,0
170171,圣光鼓舞对敌对召唤师,,,,,1,[16+0],0,1,0,0,0,0,0,[],0,0,0,0,0,0
170174,圣光审判对召唤师,,,,,1,[30+0],0,1,0,0,0,0,0,[],0,0,0,0,0,0
170175,消除召唤师的圣光标记,,,,,0,[0+0],0,1,0,0,0,0,0,[],0,0,1603,0,0,0
170200,刺客信条光环,T.MissVar=T.MissVar+25,T.CritVar=T.CritVar+25,,,0,[0+0],0,2,0,0,0,0,0,[],0,0,0,0,0,0
170202,刺客少年技能2,T.HP=0,,,,0,[100+0],0,1,1,0,0,0,0,[],0,0,0,0,0,0
170203,刺客少年技能3,,,,,1,[150+0],0,1,1,0,0,0,0,[],0,0,0,0,0,0
170204,技能3最后一击,S.CritVar=S.CritVar+100,,,,1,[225+0],0,1,1,0,0,0,0,[],0,0,0,0,0,0
170205,技能3暴击收回,S.CritVar=S.CritVar-100,,,,0,[0+0],0,2,0,0,0,0,0,[],0,0,0,0,0,0
170212,刺客少年技能2定身,,,,,0,[0+0],0,1,0,0,3000,10,3000,[],0,0,0,0,0,0
170301,一层闪电印记伤害加深,T.DefendVar=T.DefendVar-0.2,T.ResustanceVar=T.ResustanceVar-0.2,,,0,[0+0],0,0,0,0,0,0,0,[],0,0,0,0,0,0
170302,二层闪电印记伤害加深,T.DefendVar=T.DefendVar-0.4,T.ResustanceVar=T.ResustanceVar-0.4,,,0,[0+0],0,0,0,0,0,0,0,[],0,0,0,0,0,0
170303,三层闪电印记伤害加深,T.DefendVar=T.DefendVar-0.6,T.ResustanceVar=T.ResustanceVar-0.6,,,0,[0+0],0,3,0,0,0,0,0,[],0,0,0,0,0,0
170304,一层闪电印记伤害加深失效,T.DefendVar=T.DefendVar+0.2,T.ResustanceVar=T.ResustanceVar+0.2,,,0,[0+0],0,0,0,0,0,0,0,[],0,0,0,0,0,0
170305,二层闪电印记伤害加深失效,T.DefendVar=T.DefendVar+0.4,T.ResustanceVar=T.ResustanceVar+0.4,,,0,[0+0],0,0,0,0,0,0,0,[],0,0,0,0,0,0
170306,三层闪电印记伤害加深失效,T.DefendVar=T.DefendVar+0.6,T.ResustanceVar=T.ResustanceVar+0.6,,,0,[0+0],0,0,0,0,0,0,0,[],0,0,0,0,0,0
170307,电弧爆炸结算,,,,,1,[150+0],0,2,0,0,0,0,0,[],0,0,0,0,0,0
170308,闪电风暴结算,,,,,1,[50+0],0,2,0,0,3000,10,0,[],0,0,0,0,0,0
170309,1技能结算1,,,,,1,[75+0],0,2,0,0,3000,11,3000,[],0,0,0,0,0,0
170310,1技能结算2,,,,,1,[75+0],0,2,0,0,3000,10,0,[],0,0,0,0,0,0
170312,三层闪电伤害,,,,,1,[3+0],0,5,0,0,0,0,0,[],0,0,0,0,0,0
170313,删除持续伤害,,,,,0,[0+0],0,3,0,0,0,0,0,[],0,0,1412,0,0,0
170315,闪电风暴计数干掉自己,,,,,0,[0+0],0,3,0,0,0,0,0,[],0,0,1415,0,0,0
170321,大招1结算,T.HitPowerX=2500.0,T.HitPowerY=5000.0,,,1,[80+0],0,2,0,0,3000,13,0,[],0,0,0,0,0,0
170322,大招2结算,T.HitPowerX=2500.0,T.HitPowerY=5000.0,,,1,[120+0],0,2,0,0,3000,13,0,[],0,0,0,0,0,0
170323,大招秒杀,T.HP=0,,,,0,[100+0],0,2,1,0,0,0,0,[],0,0,0,0,0,0
170380,1技能结算2对召唤师,,,,,1,[33+0],0,2,0,0,0,0,0,[],0,0,0,0,0,0
170392,大招对召唤师,T.HitPowerX=2500.0,T.HitPowerY=5000.0,,,1,[50+0],0,2,0,0,3000,13,0,[],0,0,0,0,0,0
170400,火法魔攻光环,T.MAttackVar=T.MAttackVar+T.ClassMAttack*0.5,,,,0,[0+0],0,2,0,0,0,0,,[],0,0,0,0,0,0
170401,火法火球,,,,,1,[175+0],0,2,1,0,3000,10,0,[],0,0,0,0,0,0
170402,火法火雨,,,,,1,[85+0],0,2,1,0,200,10,0,[],0,0,0,0,0,0
170403,火法火龙,,,,,1,[275+0],0,2,1,0,200,10,0,[],0,0,0,0,0,0
170404,火法火球燃烧,,,,,1,[35+0],0,2,1,0,0,0,0,[],0,0,0,0,0,0
170405,火法火雨燃烧,,,,,1,[35+0],0,2,1,0,0,0,0,[],0,0,0,0,0,0
170406,火法火龙燃烧,,,,,1,[35+0],0,2,1,0,0,0,0,[],0,0,0,0,0,0
170416,火法火龙燃烧,,,,,1,[35+0],0,2,1,0,0,0,0,[],0,0,0,0,0,0
170471,火法火球对召唤师,,,,,1,[58+0],0,2,1,0,3000,10,0,[],0,0,0,0,0,0
170472,火法火雨对召唤师,,,,,1,[28+0],0,2,1,0,200,10,0,[],0,0,0,0,0,0
170473,火法火龙对召唤师,,,,,1,[91+0],0,2,1,0,200,10,0,[],0,0,0,0,0,0
170474,火法火球燃烧对召唤师,,,,,1,[12+0],0,2,1,0,0,0,0,[],0,0,0,0,0,0
170475,火法火雨燃烧对召唤师,,,,,1,[12+0],0,2,1,0,0,0,0,[],0,0,0,0,0,0
170476,火法火龙燃烧对召唤师,,,,,1,[12+0],0,2,1,0,0,0,0,[],0,0,0,0,0,0
170500,冰女回蓝光环,T.MPRecoverVar=T.MPRecoverVar+T.ClassMPRecover*1,,,,0,[0+0],0,2,0,0,0,0,0,[],0,0,0,0,0,0
170501,冰女冰弹,,,,,1,[175+0],0,2,1,0,0,0,0,[],0,0,0,0,0,0
170502,冰弹减速,T.SpeedVar=T.SpeedVar-T.ClassSpeed*0.9,,,,0,[0+0],0,2,0,0,0,0,0,[],0,0,0,0,0,0
170503,冰女暴风雪,,,,,1,[28+0],0,2,1,0,3000,16,2000,[],0,0,0,0,0,0
170504,冰弹减速失效,T.SpeedVar=T.SpeedVar+T.ClassSpeed*0.9,,,,0,[0+0],0,2,0,0,0,0,0,[],0,0,0,0,0,0
170571,冰女冰弹对召唤师,,,,,1,[58+0],0,2,1,0,0,0,0,[],0,0,0,0,0,0
170573,冰女暴风雪对召唤师,,,,,1,[9+0],0,2,1,0,3000,16,2000,[],0,0,0,0,0,0
180001,精灵之光每秒回复,,,,,1,[23+0],0,4,0,0,0,0,0,[],0,0,0,0,0,0
180002,精灵之光对召唤师,,,,,1,[12+0],0,4,0,0,0,0,0,[],0,0,0,0,0,0
