GuideID,ID,"消息：0=时间结束，-1=触屏结束,其他ID表示消息名称",结束条件,结束条件参数，填写消息参数,按钮id,锁屏：0=不锁屏，1=锁屏,按钮高亮资源，填写csb文件的名称,按钮高亮CSB动画标签,高亮坐标，填写高亮框相对于指定按钮的偏移量[X+Y]；如果无指定按钮则相对屏幕中央偏移量；,提示框资源,提示框CSB动画标签,提示内容，如果填0=无提示内容,提示框坐标，填写提示框相对于指定按钮的偏移量[X+Y]；如果无指定按钮则相对屏幕中央偏移量；,对话框资源,对话框资源动画标签,对话内容，如果填0=无对话内容,对话框坐标，填写对话框相对于屏幕中央的偏移量[X+Y]；,角色名称,角色头像资源,角色头像资源标签,开启按钮,开启按钮动画,开启按钮动画名,镜头ID,是否需要暂停游戏，1暂停游戏战斗1暂停游戏战斗包括开场镜头移动,背景资源名称：填动画/背景csb资源名称，0=没有；-1=沿用上一步骤csb资源；1=关闭上一个步骤资源,"标签：0=没有标签,全部播放，-1=沿用上一步骤csb标签",隐藏场景UI：0=不用隐藏；1=要隐藏 2=隐藏技能UI；3=隐藏底部UI,荧幕特效：0=没特效；1=震屏；2=屏幕闪红框；填-1=沿用上一步骤特效,特效持续时间：单位：ms；0=没特效；填-1表示无限持续时间；,特效参数：震屏填震屏强度数字；屏幕红框参数填0；0=没参数,步骤持续时间；单位：ms；填-1表示无限持续时间；,锚点,音效ID,音效延迟时间,引导结束是否停止音效,步骤注释
主键,,,,,,,,,,,,,,,,,,,,,,,,,,,,,,,,,,,,,
GuideID,StepID,EndType,Type,Param,ButtonID,IsLock,HighlightRes,HighlightAni,HighlightPos,TipsRes,TipsAni,TipsContent,TipsPos,DialogRes,DialogAni,DialogContent,DialogPos,HeadName,HeadRes,HeadTag,ShowButton,ShowCSB,ShowTag,CameraID,IsPause,BgRes,BgTag,IsHideUI,EffectType,EffectTime,EffectParam,TotalTime,Anchor,StepSoundId,SoundDelayTime,IsStepCloseSound,null
index,index,int,int,json,int,int,string,string,json,string,string,int,json,string,string,int,json,int,string,string,json,int,string,int,int,string,string,int,int,int,int,int,int,int,int,int,null
1,1,0,,[],0,2,0,,[0+0],0,,0,[0+0],0,,0,[0+0],0,0,0,[],0,0,104,1,0,0,1,0,0,0,100,,,,,干掉开场镜头
1,2,0,,[],0,2,0,,[0+0],0,,0,[0+0],0,,0,[0+0],0,0,0,[],0,0,0,0,-1,0,1,0,0,0,2500,,,,,手动延时
1,3,0,,[],0,1,0,,[0+0],0,,0,[0+0],ui_new/s_story/TalkPanel_L.csb,Appear,18,[0+0],1505,ui_new/s_story/Face_Leo.csb,face_Leo_sigh,[],0,0,0,1,-1,0,1,0,0,0,400,,55,0,0,【莱奥】
1,4,-1,,[],0,1,0,,[0+0],0,,0,[0+0],ui_new/s_story/TalkPanel_L.csb,Normal,18,[0+0],1505,ui_new/s_story/Face_Leo.csb,face_Leo_sigh,[],0,0,0,1,-1,0,1,0,0,0,-1,,55,0,0,【莱奥】
1,5,0,,[],0,1,0,,[0+0],0,,0,[0+0],ui_new/s_story/TalkPanel_R.csb,Appear,19,[0+0],1556,ui_new/s_story/Face_VillagerGirl.csb,Normal,[],0,0,0,1,-1,0,1,0,0,0,400,,55,0,0,【妮莎】
1,6,-1,,[],0,1,0,,[0+0],0,,0,[0+0],ui_new/s_story/TalkPanel_R.csb,Normal,19,[0+0],1556,ui_new/s_story/Face_VillagerGirl.csb,Normal,[],0,0,0,1,-1,0,1,0,0,0,-1,,55,0,0,【妮莎】
1,7,0,,[],0,1,0,,[0+0],0,,0,[0+0],ui_new/s_story/TalkPanel_L.csb,Appear,28,[0+0],1505,ui_new/s_story/Face_Leo.csb,face_Leo_normal,[],0,0,0,1,-1,0,1,0,0,0,400,,55,0,0,【莱奥】
1,8,-1,,[],0,1,0,,[0+0],0,,0,[0+0],ui_new/s_story/TalkPanel_L.csb,Normal,28,[0+0],1505,ui_new/s_story/Face_Leo.csb,face_Leo_normal,[],0,0,0,1,-1,0,1,0,0,0,-1,,55,0,0,【莱奥】
1,9,0,,[],0,2,ui_new/g_guide/TipsFinger.csb,Down,[0+0],0,,0,[0+0],ui_new/g_guide/GuideTips2_R.csb,Normal,20,[150+0],1556,ui_new/s_story/Face_VillagerGirl.csb,Normal,[],0,0,0,1,ui_new/g_guide/FightMask.csb,Summoner,1,0,0,0,1200,,55,0,0,【妮莎】介绍召唤师
1,10,-1,,[],0,2,ui_new/g_guide/TipsFinger.csb,Down,[0+0],0,,0,[0+0],ui_new/g_guide/GuideTips2_R.csb,Normal,20,[150+0],1556,ui_new/s_story/Face_VillagerGirl.csb,Normal,[],0,0,0,1,-1,0,1,0,0,0,-1,,0,0,0,【妮莎】介绍召唤师
1,11,0,,[],0,2,0,,[0+0],0,,0,[0+0],0,,0,[0+0],0,0,0,[],0,0,103,0,1,0,1,0,0,0,2000,,,,,镜头：移动至BOSS
1,12,0,,[],0,2,ui_new/g_guide/TipsFinger.csb,Down,[0+0],0,,0,[0+0],ui_new/g_guide/GuideTips2_L.csb,Normal,21,[-100+0],1556,ui_new/s_story/Face_VillagerGirl.csb,Normal,[],0,0,0,1,ui_new/g_guide/FightMask.csb,Enemy2,1,0,0,0,1200,,55,0,0,【妮莎】介绍敌人
1,13,-1,,[],0,2,ui_new/g_guide/TipsFinger.csb,Down,[0+0],0,,0,[0+0],ui_new/g_guide/GuideTips2_L.csb,Normal,21,[-100+0],1556,ui_new/s_story/Face_VillagerGirl.csb,Normal,[],0,0,0,1,-1,0,1,0,0,0,-1,,0,0,0,【妮莎】介绍敌人
1,14,0,,[],0,1,0,,[0+0],0,,0,[0+0],ui_new/s_story/TalkPanel_L.csb,Appear,22,[0+0],1505,ui_new/s_story/Face_Leo.csb,face_Leo_thinking,[],0,0,0,1,1,0,1,0,0,0,400,,55,0,0,【莱奥】
1,15,-1,,[],0,1,0,,[0+0],0,,0,[0+0],ui_new/s_story/TalkPanel_L.csb,Normal,22,[0+0],1505,ui_new/s_story/Face_Leo.csb,face_Leo_thinking,[],0,0,0,1,1,0,1,0,0,0,-1,,55,0,0,【莱奥】
1,16,0,,[],0,1,0,,[0+0],0,,0,[0+0],ui_new/s_story/TalkPanel_R.csb,Appear,23,[0+0],1510,ui_new/s_story/Face_Erica.csb,face_Erica_sulky,[],0,0,0,1,1,0,1,0,0,0,400,,55,0,0,【艾丽卡】
1,17,-1,,[],0,1,0,,[0+0],0,,0,[0+0],ui_new/s_story/TalkPanel_R.csb,Normal,23,[0+0],1510,ui_new/s_story/Face_Erica.csb,face_Erica_sulky,[],0,0,0,1,1,0,1,0,0,0,-1,,55,0,0,【艾丽卡】
1,18,0,,[],0,1,0,,[0+0],0,,0,[0+0],ui_new/s_story/TalkPanel_L.csb,Appear,24,[0+0],1505,ui_new/s_story/Face_Leo.csb,face_Leo_smile,[],0,0,0,1,1,0,1,0,0,0,400,,55,0,0,【莱奥】
1,19,-1,,[],0,1,0,,[0+0],0,,0,[0+0],ui_new/s_story/TalkPanel_L.csb,Normal,24,[0+0],1505,ui_new/s_story/Face_Leo.csb,face_Leo_smile,[],0,0,0,1,1,0,1,0,0,0,-1,,55,0,0,【莱奥】
1,20,0,,[],0,1,0,,[0+0],0,,0,[0+0],ui_new/s_story/TalkPanel_R.csb,Appear,25,[0+0],1510,ui_new/s_story/Face_Erica.csb,face_Erica_angry,[],0,0,0,1,1,0,1,0,0,0,400,,55,0,0,【艾丽卡】
1,21,-1,,[],0,1,0,,[0+0],0,,0,[0+0],ui_new/s_story/TalkPanel_R.csb,Normal,25,[0+0],1510,ui_new/s_story/Face_Erica.csb,face_Erica_angry,[],0,0,0,1,1,0,1,0,0,0,-1,,55,0,0,【艾丽卡】
1,22,0,,[],0,2,0,,[0+0],0,,0,[0+0],0,,0,[0+0],0,0,0,[],0,0,5,1,1,0,1,0,0,0,2000,,,,,镜头：拉到最大
1,23,0,,[],0,2,0,,[0+0],0,,0,[0+0],0,,0,[0+0],0,0,0,[],0,0,0,0,1,0,3,0,0,0,3000,,,,,手动延时
1,24,0,,[],0,1,0,,[0+0],0,,0,[0+0],ui_new/s_story/TalkPanel_L.csb,Appear,34,[0+0],1505,ui_new/s_story/Face_Leo.csb,face_Leo_amazed,[],0,0,0,1,-1,0,1,0,0,0,400,,55,0,0,【莱奥】
1,25,-1,,[],0,1,0,,[0+0],0,,0,[0+0],ui_new/s_story/TalkPanel_L.csb,Normal,34,[0+0],1505,ui_new/s_story/Face_Leo.csb,face_Leo_amazed,[],0,0,0,1,-1,0,1,0,0,0,-1,,55,0,0,【莱奥】
1,26,0,,[],0,1,0,,[0+0],0,,0,[0+0],ui_new/s_story/TalkPanel_R.csb,Appear,35,[0+0],1556,ui_new/s_story/Face_VillagerGirl.csb,Normal,[],0,0,0,1,-1,0,1,0,0,0,400,,55,0,0,【妮莎】
1,27,-1,,[],0,1,0,,[0+0],0,,0,[0+0],ui_new/s_story/TalkPanel_R.csb,Normal,35,[0+0],1556,ui_new/s_story/Face_VillagerGirl.csb,Normal,[],0,0,0,1,-1,0,1,0,0,0,-1,,55,0,0,【妮莎】
1,28,0,,[],0,2,0,,[0+0],0,,0,[0+0],0,,0,[0+0],0,0,0,[],0,0,0,1,1,0,0,0,0,0,1000,,,,,英雄栏出现
1,29,-1,,[],0,2,0,,[0+0],0,,0,[0+0],ui_new/g_guide/GuideTips2_R.csb,Normal,6,[100+0],1556,ui_new/s_story/Face_VillagerGirl.csb,Normal,[],0,0,0,1,ui_new/g_guide/FightMask.csb,Summoner2,0,0,0,0,1200,,,,,英雄出生位置提示
1,30,-1,,[],0,2,0,,[0+0],0,,0,[0+0],ui_new/g_guide/GuideTips2_R.csb,Normal,6,[100+0],1556,ui_new/s_story/Face_VillagerGirl.csb,Normal,[],0,0,0,1,-1,0,0,0,0,0,-1,,,,,英雄出生位置提示
1,31,0,,[],0,2,0,,[0+0],0,,0,[0+0],0,,0,[0+0],0,0,0,[],0,0,0,0,1,0,0,0,0,0,500,,,,,手动延时
1,32,-1,,[],0,2,0,,[0+0],0,,0,[0+0],ui_new/g_guide/GuideTips2_R.csb,Normal,5,[140+40],1556,ui_new/s_story/Face_VillagerGirl.csb,Normal,[],0,0,0,1,ui_new/g_guide/FightMask.csb,Hero1,0,0,0,0,1200,,,,,水晶和英雄提示
1,33,-1,,[],0,2,0,,[0+0],0,,0,[0+0],ui_new/g_guide/GuideTips2_R.csb,Normal,5,[140+40],1556,ui_new/s_story/Face_VillagerGirl.csb,Normal,[],0,0,0,1,-1,0,0,0,0,0,-1,,,,,水晶和英雄提示
1,34,3,,[],110,1,ui_new/g_guide/TipsFinger.csb,Down,[0+0],ui_new/g_guide/GuideTips6.csb,DL,27,[150+100],0,,0,[0+0],0,0,0,[],0,0,0,1,1,0,0,0,0,0,-1,,,,,点击英雄头像召唤林克
1,35,0,,[],0,0,0,,[0+0],0,,0,[0+0],0,,0,[0+0],0,0,0,[],0,0,0,0,1,0,0,0,0,0,1500,,,,,手动延时
1,36,0,,[],151,0,0,,[0+0],ui_new/g_guide/Guide_HeroTips.csb,DL,8,[80+140],0,,0,[0+0],0,0,0,[],0,0,0,0,1,0,0,0,0,0,4000,,,,,召唤火枪
1,37,0,,[],578,0,0,,[0+0],ui_new/g_guide/Guide_HeroTips.csb,DL,17,[80+140],0,,0,[0+0],0,0,0,[],0,0,0,0,1,0,0,0,0,0,4000,,,,,召唤盗贼
1,38,0,,[],0,0,0,,[0+0],0,,0,[0+0],0,,0,[0+0],0,0,0,[],0,0,0,0,1,0,0,0,0,0,7000,,,,,手动延时
1,39,0,,[],0,1,0,,[0+0],0,,0,[0+0],ui_new/s_story/TalkPanel_L.csb,Appear,36,[0+0],1505,ui_new/s_story/Face_Leo.csb,face_Leo_amazed,[],0,0,0,1,-1,0,1,0,0,0,400,,55,0,0,【莱奥】
1,40,-1,,[],0,1,0,,[0+0],0,,0,[0+0],ui_new/s_story/TalkPanel_L.csb,Normal,36,[0+0],1505,ui_new/s_story/Face_Leo.csb,face_Leo_amazed,[],0,0,0,1,-1,0,1,0,0,0,-1,,55,0,0,【莱奥】
1,41,0,,[],0,1,0,,[0+0],0,,0,[0+0],ui_new/s_story/TalkPanel_R.csb,Appear,37,[0+0],1556,ui_new/s_story/Face_VillagerGirl.csb,Normal,[],0,0,0,1,-1,0,1,0,0,0,400,,55,0,0,【妮莎】
1,42,-1,,[],0,1,0,,[0+0],0,,0,[0+0],ui_new/s_story/TalkPanel_R.csb,Normal,37,[0+0],1556,ui_new/s_story/Face_VillagerGirl.csb,Normal,[],0,0,0,1,-1,0,1,0,0,0,-1,,55,0,0,【妮莎】
1,43,5,,[],111,1,ui_new/g_guide/TipsFinger.csb,Down,[0+0],ui_new/g_guide/TipsArrow_2.csb,Down,0,[0+300],ui_new/g_guide/GuideTips2_R.csb,Normal,4,[100+0],1556,ui_new/s_story/Face_VillagerGirl.csb,Normal,[],0,0,0,2,ui_new/g_guide/FightMask.csb,Gem3,0,0,0,0,-1,,,,,点击升级水晶
1,44,0,,[],0,2,0,,[0+0],0,,0,[0+0],0,,0,[0+0],0,0,0,[],0,0,0,0,1,0,0,0,0,0,3000,,,,,手动延时
1,45,4,,[],113,1,ui_new/g_guide/TipsFinger.csb,Down,[0+0],ui_new/g_guide/TipsArrow_2.csb,Up,0,[0+-110],ui_new/g_guide/GuideTips2_L.csb,Normal,31,[-20+-30],1556,ui_new/s_story/Face_VillagerGirl.csb,Normal,[],0,0,0,2,-1,0,0,0,0,0,-1,,,,,点击释放1技能
1,46,0,,[],0,0,0,,[0+0],0,,0,[0+0],0,,0,[0+0],0,0,0,[],0,0,0,0,1,0,0,0,0,0,3000,,,,,手动延时
1,47,0,,[],113,0,0,,[0+0],ui_new/g_guide/Guide_HeroTips.csb,UL,10,[210+-140],0,,0,[0+0],0,0,0,[],0,0,0,0,1,0,0,0,0,0,5000,,,,,技能2提示框
1,48,0,,[],0,0,0,,[0+0],0,,0,[0+0],0,,0,[0+0],0,0,0,[],0,0,0,0,1,0,0,0,0,0,1000,,,,,手动延时
1,49,0,,[],113,0,0,,[0+0],ui_new/g_guide/Guide_HeroTips.csb,UL,11,[330+-140],0,,0,[0+0],0,0,0,[],0,0,0,0,1,0,0,0,0,0,5000,,,,,技能3提示框
1,50,0,,[],0,0,0,,[0+0],0,,0,[0+0],ui_new/g_guide/GuideTips4.csb,ColorGradient,43,[665+150],0,0,0,[],0,0,0,0,1,0,0,0,0,0,-1,,,,,提示玩家发兵
,,,,,,,,,,,,,,,,,,,,,,,,,,,,,,,,,,,,,
2,1,-1,,[],0,1,0,,[0+0],0,,0,[0+0],ui_new/s_story/TalkPanel_L.csb,Appear,40,[0+0],1505,ui_new/s_story/Face_Leo.csb,face_Leo_scare,[],0,0,0,1,-1,0,1,0,0,0,-1,,55,0,0,【莱奥】
,,,,,,,,,,,,,,,,,,,,,,,,,,,,,,,,,,,,,
3,1,0,,[],0,2,0,,[0+0],0,,0,[0+0],0,,0,[0+0],0,0,0,[],0,0,0,0,1,0,0,0,0,0,500,,,,,手动延时
3,2,-1,,[],0,1,0,,[0+0],0,,0,[0+0],ui_new/s_story/TalkPanel_L.csb,Appear,38,[0+0],1505,ui_new/s_story/Face_Leo.csb,face_Leo_smile,[],0,0,0,1,-1,0,1,0,0,0,-1,,55,0,0,【莱奥】
3,3,-1,,[],0,1,0,,[0+0],0,,0,[0+0],ui_new/s_story/TalkPanel_R.csb,Appear,39,[0+0],1556,ui_new/s_story/Face_VillagerGirl.csb,Normal,[],0,0,0,1,-1,0,1,0,0,0,-1,,55,0,0,【妮莎】
,,,,,,,,,,,,,,,,,,,,,,,,,,,,,,,,,,,,,
12,1,703,,[],101,1,ui_new/g_guide/TipsFinger.csb,Down,[0+0],0,,0,[0+0],0,,0,[0+0],0,0,0,[],0,0,0,0,0,0,0,0,0,0,-1,,,,,点击世界地图第1关
12,2,701,7,[10],0,2,0,,[0+0],0,,0,[0+0],0,,0,[0+0],0,0,0,[],0,0,0,0,0,0,0,0,0,0,-1,,,,,等待关卡挑战界面打开
12,3,703,,[],102,1,ui_new/g_guide/TipsFinger.csb,Down,[0+0],0,,0,[0+0],0,,0,[0+0],0,0,0,[],0,0,0,0,0,0,0,0,0,0,-1,,,,,点击关卡开始前的的开始挑战按钮
12,4,701,7,[11],0,2,0,,[0+0],0,,0,[0+0],0,,0,[0+0],0,0,0,[],0,0,0,0,0,0,0,0,0,0,-1,,,,,等待队伍配置界面打开
12,5,703,,[],510,1,ui_new/g_guide/TipsFinger.csb,Down,[0+0],ui_new/g_guide/GuideTips3_N.csb,Left,102,[45+0],0,,0,[0+0],0,0,0,[],0,0,0,0,0,0,0,0,0,0,-1,,,,,点击一键配置上场英雄
12,6,703,,[],109,1,ui_new/g_guide/TipsFinger.csb,Down,[0+0],0,,0,[0+0],0,,0,[0+0],0,0,0,[],0,0,0,0,0,0,0,0,0,0,-1,,,,,点击开始战斗进入关卡1
13,1,0,,[],0,2,0,,[0+0],0,,0,[0+0],0,,0,[0+0],0,0,0,[],0,0,0,0,0,0,0,0,0,0,300,,,,,防止123关中断，从世界地图重新开始
13,2,703,,[],517,1,ui_new/g_guide/TipsFinger.csb,Down,[0+0],0,,0,[0+0],0,,0,[0+100],0,0,0,[],0,0,0,0,0,0,0,0,0,0,-1,,,,,点击大厅世界地图按钮
14,1,0,,[],0,2,0,,[0+0],0,,0,[0+0],0,,0,[0+0],0,0,0,[],0,0,0,0,0,0,0,0,0,0,500,,,,,手动延时
14,2,703,,[],101,1,ui_new/g_guide/TipsFinger.csb,Down,[0+0],0,,0,[0+0],0,,0,[0+0],0,0,0,[],0,0,0,0,0,0,0,0,0,0,-1,,,,,点击世界地图第1关
14,3,701,7,[10],0,2,0,,[0+0],0,,0,[0+0],0,,0,[0+0],0,0,0,[],0,0,0,0,0,0,0,0,0,0,-1,,,,,等待关卡挑战界面打开
14,4,703,,[],102,1,ui_new/g_guide/TipsFinger.csb,Down,[0+0],0,,0,[0+0],0,,0,[0+0],0,0,0,[],0,0,0,0,0,0,0,0,0,0,-1,,,,,点击关卡开始前的的开始挑战按钮
14,5,701,7,[11],0,2,0,,[0+0],0,,0,[0+0],0,,0,[0+0],0,0,0,[],0,0,0,0,0,0,0,0,0,0,-1,,,,,等待队伍配置界面打开
14,6,703,,[],510,1,ui_new/g_guide/TipsFinger.csb,Down,[0+0],ui_new/g_guide/GuideTips3_N.csb,Left,102,[45+0],0,,0,[0+1],0,0,0,[],0,0,0,0,0,0,0,0,0,0,-1,,,,,点击一键配置上场英雄
14,7,703,,[],109,1,ui_new/g_guide/TipsFinger.csb,Down,[0+0],0,,0,[0+0],0,,0,[0+0],0,0,0,[],0,0,0,0,0,0,0,0,0,0,-1,,,,,点击开始战斗进入关卡1
15,1,0,,[],0,2,0,,[0+0],0,,0,[0+0],0,,0,[0+0],0,0,0,[],0,0,0,0,0,0,0,0,0,0,1,,,,,第1关通关
16,1,0,,[],0,2,0,,[0+0],0,,0,[0+0],0,,0,[0+0],0,0,0,[],0,0,0,0,0,0,0,0,0,0,300,,,,,手动延时
16,2,703,,[],101,1,ui_new/g_guide/TipsFinger.csb,Down,[0+0],0,,0,[0+0],0,,0,[0+0],0,0,0,[],0,0,0,0,0,0,0,0,0,0,-1,,,,,点击世界地图第1关
16,3,701,7,[10],0,2,0,,[0+0],0,,0,[0+0],0,,0,[0+0],0,0,0,[],0,0,0,0,0,0,0,0,0,0,-1,,,,,等待关卡挑战界面打开
16,4,703,,[],102,1,ui_new/g_guide/TipsFinger.csb,Down,[0+0],0,,0,[0+0],0,,0,[0+0],0,0,0,[],0,0,0,0,0,0,0,0,0,0,-1,,,,,点击关卡开始前的的开始挑战按钮
16,5,701,7,[11],0,2,0,,[0+0],0,,0,[0+0],0,,0,[0+0],0,0,0,[],0,0,0,0,0,0,0,0,0,0,-1,,,,,等待队伍配置界面打开
16,6,703,,[],510,1,ui_new/g_guide/TipsFinger.csb,Down,[0+0],ui_new/g_guide/GuideTips3_N.csb,Left,102,[45+0],0,,0,[0+1],0,0,0,[],0,0,0,0,0,0,0,0,0,0,-1,,,,,点击一键配置上场英雄
16,7,703,,[],109,1,ui_new/g_guide/TipsFinger.csb,Down,[0+0],0,,0,[0+0],0,,0,[0+0],0,0,0,[],0,0,0,0,0,0,0,0,0,0,-1,,,,,点击开始战斗进入关卡1
,,,,,,,,,,,,,,,,,,,,,,,,,,,,,,,,,,,,,
17,1,0,,[],0,2,0,,[0+0],0,,0,[0+0],0,,0,[0+0],0,0,0,[],0,0,0,0,0,0,0,0,0,0,300,,,,,手动延时
17,2,703,,[],541,1,ui_new/g_guide/TipsFinger.csb,Down,[0+0],0,,0,[0+0],0,,0,[0+0],0,0,0,[],0,0,0,0,0,0,0,0,0,0,-1,,,,,点击世界地图第2关
17,3,701,7,[10],0,2,0,,[0+0],0,,0,[0+0],0,,0,[0+0],0,0,0,[],0,0,0,0,0,0,0,0,0,0,-1,,,,,等待关卡挑战界面打开
17,4,703,,[],102,1,ui_new/g_guide/TipsFinger.csb,Down,[0+0],0,,0,[0+0],0,,0,[0+0],0,0,0,[],0,0,0,0,0,0,0,0,0,0,-1,,,,,点击关卡开始前的的开始挑战按钮
17,5,701,7,[11],0,2,0,,[0+0],0,,0,[0+0],0,,0,[0+0],0,0,0,[],0,0,0,0,0,0,0,0,0,0,-1,,,,,等待队伍配置界面打开
17,6,703,,[],510,1,ui_new/g_guide/TipsFinger.csb,Down,[0+0],0,,0,[0+0],0,,0,[0+0],0,0,0,[],0,0,0,0,0,0,0,0,0,0,-1,,,,,点击一键配置上场英雄
17,7,703,,[],109,1,ui_new/g_guide/TipsFinger.csb,Down,[0+0],0,,0,[0+0],0,,0,[0+0],0,0,0,[],0,0,0,0,0,0,0,0,0,0,-1,,,,,点击开始战斗进入关卡2
18,1,0,,[],0,2,0,,[0+0],0,,0,[0+0],0,,0,[0+0],0,0,0,[],0,0,0,0,0,0,0,0,0,0,1,,,,,第2关通过消息
19,1,0,,[],0,2,0,,[0+0],0,,0,[0+0],0,,0,[0+0],0,0,0,[],0,0,0,0,0,0,0,0,0,0,300,,,,,手动延时
19,2,703,,[],541,1,ui_new/g_guide/TipsFinger.csb,Down,[0+0],0,,0,[0+0],0,,0,[0+0],0,0,0,[],0,0,0,0,0,0,0,0,0,0,-1,,,,,点击世界地图第2关
19,3,701,7,[10],0,2,0,,[0+0],0,,0,[0+0],0,,0,[0+0],0,0,0,[],0,0,0,0,0,0,0,0,0,0,-1,,,,,等待关卡挑战界面打开
19,4,703,,[],102,1,ui_new/g_guide/TipsFinger.csb,Down,[0+0],0,,0,[0+0],0,,0,[0+0],0,0,0,[],0,0,0,0,0,0,0,0,0,0,-1,,,,,点击关卡开始前的的开始挑战按钮
19,5,701,7,[11],0,2,0,,[0+0],0,,0,[0+0],0,,0,[0+0],0,0,0,[],0,0,0,0,0,0,0,0,0,0,-1,,,,,等待队伍配置界面打开
19,6,703,,[],510,1,ui_new/g_guide/TipsFinger.csb,Down,[0+0],0,,0,[0+0],0,,0,[0+0],0,0,0,[],0,0,0,0,0,0,0,0,0,0,-1,,,,,点击一键配置上场英雄
19,7,703,,[],109,1,ui_new/g_guide/TipsFinger.csb,Down,[0+0],0,,0,[0+0],0,,0,[0+0],0,0,0,[],0,0,0,0,0,0,0,0,0,0,-1,,,,,点击开始战斗进入关卡2
,,,,,,,,,,,,,,,,,,,,,,,,,,,,,,,,,,,,,
20,1,0,,[],0,2,0,,[0+0],0,,0,[0+0],0,,0,[0+0],0,0,0,[],0,0,0,0,0,0,0,0,0,0,300,,,,,手动延时
20,2,703,,[],542,1,ui_new/g_guide/TipsFinger.csb,Down,[0+0],0,,0,[0+0],0,,0,[0+0],0,0,0,[],0,0,0,0,0,0,0,0,0,0,-1,,,,,点击世界地图第3关
20,3,701,7,[10],0,2,0,,[0+0],0,,0,[0+0],0,,0,[0+0],0,0,0,[],0,0,0,0,0,0,0,0,0,0,-1,,,,,等待关卡挑战界面打开
20,4,703,,[],102,1,ui_new/g_guide/TipsFinger.csb,Down,[0+0],0,,0,[0+0],0,,0,[0+0],0,0,0,[],0,0,0,0,0,0,0,0,0,0,-1,,,,,点击关卡开始前的的开始挑战按钮
20,5,701,7,[11],0,2,0,,[0+0],0,,0,[0+0],0,,0,[0+0],0,0,0,[],0,0,0,0,0,0,0,0,0,0,-1,,,,,等待队伍配置界面打开
20,6,703,,[],510,1,ui_new/g_guide/TipsFinger.csb,Down,[0+0],0,,0,[0+0],0,,0,[0+0],0,0,0,[],0,0,0,0,0,0,0,0,0,0,-1,,,,,点击一键配置上场英雄
20,7,703,,[],109,1,ui_new/g_guide/TipsFinger.csb,Down,[0+0],0,,0,[0+0],0,,0,[0+0],0,0,0,[],0,0,0,0,0,0,0,0,0,0,-1,,,,,点击开始战斗进入关卡3
21,1,0,,[],0,2,0,,[0+0],0,,0,[0+0],0,,0,[0+0],0,0,0,[],0,0,0,0,0,0,0,0,0,0,1,,,,,第3关通过消息
22,1,0,,[],0,2,0,,[0+0],0,,0,[0+0],0,,0,[0+0],0,0,0,[],0,0,0,0,0,0,0,0,0,0,300,,,,,手动延时
22,2,703,,[],542,1,ui_new/g_guide/TipsFinger.csb,Down,[0+0],0,,0,[0+0],0,,0,[0+0],0,0,0,[],0,0,0,0,0,0,0,0,0,0,-1,,,,,点击世界地图第3关
22,3,701,7,[10],0,2,0,,[0+0],0,,0,[0+0],0,,0,[0+0],0,0,0,[],0,0,0,0,0,0,0,0,0,0,-1,,,,,等待关卡挑战界面打开
22,4,703,,[],102,1,ui_new/g_guide/TipsFinger.csb,Down,[0+0],0,,0,[0+0],0,,0,[0+0],0,0,0,[],0,0,0,0,0,0,0,0,0,0,-1,,,,,点击关卡开始前的的开始挑战按钮
22,5,701,7,[11],0,2,0,,[0+0],0,,0,[0+0],0,,0,[0+0],0,0,0,[],0,0,0,0,0,0,0,0,0,0,-1,,,,,等待队伍配置界面打开
22,6,703,,[],510,1,ui_new/g_guide/TipsFinger.csb,Down,[0+0],0,,0,[0+0],0,,0,[0+0],0,0,0,[],0,0,0,0,0,0,0,0,0,0,-1,,,,,点击一键配置上场英雄
22,7,703,,[],109,1,ui_new/g_guide/TipsFinger.csb,Down,[0+0],0,,0,[0+0],0,,0,[0+0],0,0,0,[],0,0,0,0,0,0,0,0,0,0,-1,,,,,点击开始战斗进入关卡3
,,,,,,,,,,,,,,,,,,,,,,,,,,,,,,,,,,,,,
23,1,0,,[],0,2,0,,[0+0],0,,0,[0+0],0,,0,[0+0],0,0,0,[],0,0,0,0,0,0,0,0,0,0,300,,,,,引导玩家回大厅抽卡
23,2,-1,,[],0,1,0,,[0+0],0,,0,[0+0],ui_new/s_story/TalkPanel_L.csb,Appear,110304,[0+0],1505,ui_new/s_story/Face_Leo.csb,face_Leo_serious,[],0,0,0,0,0,0,0,0,0,0,-1,,55,0,0,【莱奥】
23,3,-1,,[],0,1,0,,[0+0],0,,0,[0+0],ui_new/s_story/TalkPanel_R.csb,Appear,110305,[0+0],1534,ui_new/s_story/Face_Assassin.csb,face_assassin,[],0,0,0,0,0,0,0,0,0,0,-1,,55,0,0,【奥若拉】
23,4,-1,,[],0,1,0,,[0+0],0,,0,[0+0],ui_new/s_story/TalkPanel_L.csb,Appear,110306,[0+0],1505,ui_new/s_story/Face_Leo.csb,face_Leo_speechless,[],0,0,0,0,0,0,0,0,0,0,-1,,55,0,0,【莱奥】
23,5,-1,,[],0,1,0,,[0+0],0,,0,[0+0],ui_new/s_story/TalkPanel_Head.csb,Appear,0,[0+0],1535,ui_new/s_story/Story1.csb,CardScroll,[],0,0,0,0,0,0,0,0,0,0,-1,,,,,送一张抽卡券
23,6,-1,,[],0,2,ui_new/g_guide/TipsFinger.csb,Down,[0+0],0,,0,[0+0],ui_new/g_guide/GuideTips2_L.csb,Normal,110307,[0+0],1556,ui_new/s_story/Face_VillagerGirl.csb,Normal,[],0,0,0,0,0,0,0,0,0,0,-1,,,,,【妮莎】莱奥哥哥~这可是抽卡券哦~快来城镇找我！
23,7,703,,[],149,1,ui_new/g_guide/TipsFinger.csb,Down,[0+0],0,,0,[0+0],0,,0,[0+0],0,0,0,[],0,0,0,0,0,0,0,0,0,0,-1,,,,,点击世界地图返回大厅按钮
,,,,,,,,,,,,,,,,,,,,,,,,,,,,,,,,,,,,,
24,1,0,,[],0,2,0,,[0+0],0,,0,[0+0],0,,0,[0+0],0,0,0,[],0,0,0,0,0,0,0,0,0,0,300,,,,,手动延时
24,2,-1,,[],0,2,0,,[0+0],0,,0,[0+0],ui_new/g_guide/UnLockTips.csb,Open,628,[0+0],627,ui_new/g_guide/ButtonIcon/Card.csb,Normal,[],0,0,0,0,0,0,0,0,0,0,-1,,51,0,1,抽卡系统全屏解锁动画
24,3,0,,[],0,2,0,,[0+0],0,,0,[0+0],0,,0,[0+0],0,0,0,[],0,0,0,0,0,0,0,0,0,0,300,,,,,手动延时
24,4,0,,[],116,2,ui_new/g_gamehall/g_gpub/AppearEffect.csb,Appear,[0+0],0,,0,[0+0],0,,,[0+0],,,,[],0,0,0,0,0,0,0,0,0,0,1330,,50,0,0,抽卡按钮解锁动画
24,5,0,,[],0,1,0,,[0+0],0,,0,[0+0],0,,0,[0+0],0,0,0,[116],0,0,0,0,0,0,0,0,0,0,100,,,,,手动延时
24,6,703,,[],116,1,ui_new/g_guide/TipsFinger.csb,Down,[0+0],0,,0,[0+0],ui_new/g_guide/GuideTips2_L.csb,Normal,116,[0+0],1556,ui_new/s_story/Face_VillagerGirl.csb,Normal,[],0,0,0,0,0,0,0,0,0,0,-1,,,,,点击大厅抽卡按钮
24,7,701,7,[7],0,2,0,,[0+0],0,,0,[0+0],0,,0,[0+0],0,0,0,[],0,0,0,0,0,0,0,0,0,0,-1,,,,,进入抽卡界面延迟时间
24,8,703,,[],117,1,ui_new/g_guide/TipsFinger.csb,Down,[0+0],0,,0,[0+0],,,,[0+0],0,0,0,[],0,0,0,0,0,0,0,0,0,0,-1,,,,,点击免费抽一次
,,,,,,,,,,,,,,,,,,,,,,,,,,,,,,,,,,,,,
25,1,0,,[],0,1,0,,[0+0],0,,0,[0+0],0,,0,[0+0],0,0,0,[],0,0,0,0,0,0,0,0,0,0,300,,,,,手动延时
25,2,0,,[],118,1,ui_new/g_gamehall/g_gpub/AppearEffect.csb,Appear,[0+0],0,,0,[0+0],0,,0,[0+0],,,,[],0,0,0,0,0,0,0,0,0,0,1330,,50,0,0,任务按钮解锁动画
25,3,0,,[],0,1,0,,[0+0],0,,0,[0+0],0,,0,[0+0],0,0,0,[118],0,0,0,0,0,0,0,0,0,0,200,,,,,手动延时
25,4,703,,[],118,1,ui_new/g_guide/TipsFinger.csb,Down,[0+0],0,,0,[0+0],ui_new/g_guide/GuideTips2_L.csb,Normal,104,[0+0],1556,ui_new/s_story/Face_VillagerGirl.csb,Normal,[],0,0,0,0,0,0,0,0,0,0,-1,,,,,点击大厅任务按钮
,,,,,,,,,,,,,,,,,,,,,,,,,,,,,,,,,,,,,
26,1,0,,[],0,2,0,,[0+0],0,,0,[0+0],0,,0,[0+0],0,0,0,[],0,0,0,0,0,0,0,0,0,0,500,,,,,手动延迟
26,2,703,,[],121,1,ui_new/g_guide/TipsFinger.csb,Down,[0+0],0,,0,[0+0],ui_new/g_guide/GuideTips2_L.csb,Normal,121,[0+0],1556,ui_new/s_story/Face_VillagerGirl.csb,Normal,[],0,0,0,0,0,0,0,0,0,0,-1,,,,,点击大厅英雄按钮
26,3,701,7,[3],0,2,0,,[0+0],0,,0,[0+0],0,,0,[0+0],0,0,0,[],0,0,0,0,0,0,0,0,0,0,-1,,,,,等待英雄界面打开
26,4,703,,[],123,1,ui_new/g_guide/TipsFinger.csb,Down,[0+0],0,,0,[0+0],0,,0,[0+0],0,0,0,[],0,0,0,0,0,0,0,0,0,0,-1,,,,,英雄界面点击选择勇士
26,5,701,7,[5],0,2,0,,[0+0],0,,0,[0+0],0,,0,[0+0],0,0,0,[],0,0,0,0,0,0,0,0,0,0,-1,,,,,解锁英雄信息界面升级按钮
26,6,703,,[],124,1,ui_new/g_guide/TipsFinger.csb,Down,[0+0],0,,0,[0+0],0,,0,[0+0],0,0,0,[],0,0,0,0,0,0,0,0,0,0,-1,,,,,点击英雄信息界面升级按钮
26,7,701,7,[52],0,2,0,,[0+0],0,,0,[0+0],0,,0,[0+0],0,0,0,[],0,0,0,0,0,0,0,0,0,0,-1,,,,,等待升级界面打开
26,8,703,,[],126,1,ui_new/g_guide/TipsFinger.csb,Down,[0+0],0,,0,[0+0],ui_new/g_guide/GuideTips2_R.csb,Normal,126,[0+0],1556,ui_new/s_story/Face_VillagerGirl.csb,Normal,[],0,0,0,0,0,0,0,0,0,0,-1,,,,,点击樱桃道具引导
26,9,703,,[],146,1,ui_new/g_guide/TipsFinger.csb,Down,[0+0],ui_new/g_guide/GuideTips3_N.csb,Right,127,[-50+0],0,,0,[0+0],0,0,0,[],0,0,0,0,0,0,0,0,0,0,-1,,,,,点击升级界面，确认升级按钮
,,,,,,,,,,,,,,,,,,,,,,,,,,,,,,,,,,,,,
27,1,0,,[],0,2,ui_new/g_guide/TipsFinger.csb,Down,[0+0],0,,0,[0+0],0,,0,[0+0],0,0,0,[],0,0,0,0,0,0,0,0,0,0,3000,,,,,手动延迟
27,2,-1,,[],0,2,ui_new/g_guide/TipsFinger.csb,Down,[0+0],0,,0,[0+0],ui_new/g_guide/GuideTips2_L.csb,Normal,506,[0+-80],1556,ui_new/s_story/Face_VillagerGirl.csb,Normal,[],0,0,0,0,0,0,0,0,0,0,-1,,,,,穿装对话
27,3,703,,[],506,1,ui_new/g_guide/TipsFinger.csb,Down,[0+0],0,,0,[0+0],0,,0,[0+0],0,0,0,[],0,0,0,0,0,0,0,0,0,0,-1,,,,,点击一键穿装
27,4,0,,[],0,2,0,,[0+0],0,,0,[0+0],0,,0,[0+0],0,0,0,[],0,0,0,0,0,0,0,0,0,0,1000,,,,,手动延迟
27,5,-1,,[],0,2,ui_new/g_guide/TipsFinger.csb,Down,[0+0],0,,0,[0+0],ui_new/g_guide/GuideTips2_L.csb,Normal,113,[0+-80],1556,ui_new/s_story/Face_VillagerGirl.csb,Normal,[],0,0,0,0,0,0,0,0,0,0,-1,,,,,【妮莎】莱奥哥哥，你看埃迪的实力提升了好多！
,,,,,,,,,,,,,,,,,,,,,,,,,,,,,,,,,,,,,
271,1,0,,[],0,2,ui_new/g_guide/TipsFinger.csb,Down,[0+0],0,,0,[0+0],0,,0,[0+0],0,0,0,[],0,0,0,0,0,0,0,0,0,0,300,,,,,手动延迟
271,2,703,,[],580,2,ui_new/g_guide/TipsFinger.csb,Down,[0+0],0,,0,[0+0],,,,[0+0],0,0,0,[],0,0,0,0,0,0,0,0,0,0,-1,,,,,点击英雄升级界面返回按钮
271,3,0,,[],0,2,ui_new/g_guide/TipsFinger.csb,Down,[0+0],0,,0,[0+0],0,,0,[0+0],0,0,0,[],0,0,0,0,0,0,0,0,0,0,300,,,,,手动延迟
271,4,-1,,[],0,2,ui_new/g_guide/TipsFinger.csb,Down,[0+0],0,,0,[0+0],ui_new/g_guide/GuideTips2_L.csb,Normal,506,[0+-80],1556,ui_new/s_story/Face_VillagerGirl.csb,Normal,[],0,0,0,0,0,0,0,0,0,0,-1,,,,,穿装对话
271,5,703,,[],506,1,ui_new/g_guide/TipsFinger.csb,Down,[0+0],0,,0,[0+0],0,,0,[0+0],0,0,0,[],0,0,0,0,0,0,0,0,0,0,-1,,,,,点击一键穿装
271,6,0,,[],0,2,0,,[0+0],0,,0,[0+0],0,,0,[0+0],0,0,0,[],0,0,0,0,0,0,0,0,0,0,1000,,,,,手动延迟
271,7,-1,,[],0,2,ui_new/g_guide/TipsFinger.csb,Down,[0+0],0,,0,[0+0],ui_new/g_guide/GuideTips2_L.csb,Normal,113,[0+-80],1556,ui_new/s_story/Face_VillagerGirl.csb,Normal,[],0,0,0,0,0,0,0,0,0,0,-1,,,,,【妮莎】莱奥哥哥，你看埃迪的实力提升了好多！
,,,,,,,,,,,,,,,,,,,,,,,,,,,,,,,,,,,,,
272,1,0,,[],0,2,0,,[0+0],0,,0,[0+0],0,,0,[0+0],0,0,0,[],0,0,0,0,0,0,0,0,0,0,100,,,,,手动延迟
,,,,,,,,,,,,,,,,,,,,,,,,,,,,,,,,,,,,,
28,1,0,,[],0,2,0,,[0+0],0,,0,[0+0],0,,0,[0+0],0,0,0,[],0,0,0,0,0,0,0,0,0,0,300,,,,,防止升级后，穿装引导断开
28,2,703,,[],121,1,ui_new/g_guide/TipsFinger.csb,Down,[0+0],0,,0,[0+0],0,,0,[0+0],0,0,0,[],0,0,0,0,0,0,0,0,0,0,-1,,,,,点击大厅英雄按钮
28,3,701,7,[3],0,2,0,,[0+0],0,,0,[0+0],0,,0,[0+0],0,0,0,[],0,0,0,0,0,0,0,0,0,0,-1,,,,,等待英雄界面打开
28,4,703,,[],123,1,ui_new/g_guide/TipsFinger.csb,Down,[0+0],0,,0,[0+0],0,,0,[0+0],0,0,0,[],0,0,0,0,0,0,0,0,0,0,-1,,,,,英雄界面点击选择勇士
28,5,701,7,[5],0,2,0,,[0+0],0,,0,[0+0],0,,0,[0+0],0,0,0,[],0,0,0,0,0,0,0,0,0,0,-1,,,,,等待英雄信息界面打开
28,6,703,,[],506,1,ui_new/g_guide/TipsFinger.csb,Down,[0+0],0,,0,[0+0],ui_new/g_guide/GuideTips2_R.csb,Normal,506,[85+0],1556,ui_new/s_story/Face_VillagerGirl.csb,Normal,[],0,0,0,0,0,0,0,0,0,0,-1,,,,,点击一键穿装
28,7,0,,[],0,2,0,,[0+0],0,,0,[0+0],0,,0,[0+0],0,0,0,[],0,0,0,0,0,0,0,0,0,0,1000,,,,,手动延迟
28,8,-1,,[],0,2,ui_new/g_guide/TipsFinger.csb,Down,[0+0],0,,0,[0+0],ui_new/g_guide/GuideTips2_L.csb,Normal,113,[0+-80],1556,ui_new/s_story/Face_VillagerGirl.csb,Normal,[],0,0,0,0,0,0,0,0,0,0,-1,,,,,【妮莎】莱奥哥哥，你看埃迪的实力提升了好多！
,,,,,,,,,,,,,,,,,,,,,,,,,,,,,,,,,,,,,
281,1,-1,,[],0,2,0,,[0+0],0,,0,[0+0],ui_new/g_guide/GuideTips2_L.csb,Normal,110402,[85+0],1556,ui_new/s_story/Face_VillagerGirl.csb,Normal,[],0,0,0,0,0,0,0,0,0,0,-1,,,,,【妮莎】我们已经有了新的英雄牧师，现在把牧师也加入我们的队伍吧！
281,2,703,,[],510,1,ui_new/g_guide/TipsFinger.csb,Down,[0+0],ui_new/g_guide/GuideTips3_N.csb,Left,102,[45+0],0,,0,[0+1],0,0,0,[],0,0,0,0,0,0,0,0,0,0,-1,,,,,点击一键配置上场英雄
,,,,,,,,,,,,,,,,,,,,,,,,,,,,,,,,,,,,,
29,1,0,,[],0,2,0,,[0+0],0,,0,[0+0],0,,0,[0+0],0,0,0,[],0,0,0,0,0,0,0,0,0,0,400,,,,,手动延时
29,2,-1,,[],0,2,0,,[0+0],0,,0,[0+0],ui_new/g_guide/UnLockTips.csb,Open,640,[0+0],639,ui_new/g_guide/ButtonIcon/Summoner.csb,Normal,[],0,0,0,0,0,0,0,0,0,0,-1,,51,0,0,召唤师系统解锁
29,3,0,,[],0,2,0,,[0+0],0,,0,[0+0],0,,0,[0+0],0,0,0,[],0,0,0,0,0,0,0,0,0,0,300,,,,,手动延时
29,4,0,,[],128,2,ui_new/g_gamehall/g_gpub/AppearEffect.csb,Appear,[0+0],0,,0,[0+0],0,,,[0+0],,,,[],0,0,0,0,0,0,0,0,0,0,1330,,50,0,0,召唤师按钮解锁动画
29,5,0,,[],0,2,0,,[0+0],0,,0,[0+0],0,,0,[0+0],0,0,0,[128],0,0,0,0,0,0,0,0,0,0,200,,,,,按钮解锁，手动延时
29,6,0,,[],0,2,0,,[0+0],0,,0,[0+0],0,,0,[0+0],0,0,0,[],0,0,0,0,0,0,0,0,0,0,300,,,,,手动延迟
29,7,703,,[],128,1,ui_new/g_guide/TipsFinger.csb,Down,[0+0],0,,0,[0+0],ui_new/g_guide/GuideTips2_L.csb,Normal,128,[0+0],1556,ui_new/s_story/Face_VillagerGirl.csb,Normal,[],0,0,0,0,0,0,0,0,0,0,-1,,,,,点击大厅召唤师入口按钮
29,8,701,7,[2],0,2,0,,[0+0],0,,0,[0+0],0,,0,[0+0],0,0,0,[],0,0,0,0,0,0,0,0,0,0,-1,,,,,等待召唤师信息界面打开
29,9,703,,[],533,2,ui_new/g_guide/TipsFinger.csb,Down,[0+0],0,,0,[0+0],0,,0,[0+0],0,0,0,[],0,0,0,0,0,0,0,0,0,0,-1,,,,,召唤师界面点击居中的艾莉卡，进行信息预览
29,10,-1,,[],0,2,0,,[0+0],0,,0,[0+0],ui_new/g_guide/GuideTips2_L.csb,Normal,147,[85+0],1556,ui_new/s_story/Face_VillagerGirl.csb,Normal,[],0,0,0,0,0,0,0,0,0,0,-1,,,,,【妮莎】这里可以详细查看所有召唤师的信息哦！
,,,,,,,,,,,,,,,,,,,,,,,,,,,,,,,,,,,,,
30,1,0,,[],0,1,0,,[0+0],0,,0,[0+0],0,,0,[0+0],0,0,0,[],0,0,0,0,0,0,0,0,0,0,300,,,,,手动延时
30,2,-1,,[],0,1,0,,[0+0],0,,0,[0+0],ui_new/g_guide/UnLockTips.csb,Open,638,[0+0],637,ui_new/g_guide/ButtonIcon/Arena.csb,Normal,[],0,0,0,0,0,0,0,0,0,0,-1,,51,0,0,竞技场系统解锁动画
30,3,0,,[],0,1,0,,[0+0],0,,0,[0+0],0,,0,[0+0],0,0,0,[],0,0,0,0,0,0,0,0,0,0,300,,,,,手动延时
30,4,0,,[],131,1,ui_new/g_gamehall/g_gpub/AppearEffect.csb,Appear,[0+0],0,,0,[0+0],0,,0,[0+0],0,0,0,[],0,0,0,0,0,0,0,0,0,0,1330,,50,0,0,竞技场按钮解锁动画
30,5,0,,[],0,1,0,,[0+0],0,,0,[0+0],0,,0,[0+0],0,0,0,[131],0,0,0,0,0,0,0,0,0,0,300,,,,,手动延时
30,6,-1,,[],0,1,0,,[0+0],0,,0,[0+0],ui_new/g_guide/GuideTips2_L.csb,Normal,114,[0+0],1556,ui_new/s_story/Face_VillagerGirl.csb,Normal,[],0,0,0,0,0,0,0,0,0,0,-1,,,,,【妮莎】竞技场系统已经开启了
30,7,703,,[],131,1,ui_new/g_guide/TipsFinger.csb,Down,[0+0],0,,0,[0+0],0,,0,[0+0],0,0,0,[],0,0,0,0,0,0,0,0,0,0,-1,,,,,点击大厅竞技场按钮
30,8,701,7,[48],0,0,0,,[0+0],0,,0,[0+0],0,,0,[0+0],0,0,0,[],0,0,0,0,0,0,0,0,0,0,-1,,,,,等待竞技场界面打开
30,9,703,,[],545,1,ui_new/g_guide/TipsFinger.csb,Down,[0+0],0,,0,[0+0],ui_new/g_guide/GuideTips2_R.csb,Normal,106,[80+0],1556,ui_new/s_story/Face_VillagerGirl.csb,Normal,[],0,0,0,0,0,0,0,0,0,0,-1,,,,,点击训练师对战按钮
30,10,701,7,[11],0,1,0,,[0+0],0,,0,[0+0],0,,0,[0+0],0,0,0,[],0,0,0,0,0,0,0,0,0,0,-1,,,,,等待队伍配置界面打开
30,11,703,,[],510,1,ui_new/g_guide/TipsFinger.csb,Down,[0+0],0,,0,[0+0],0,,0,[0+0],0,0,0,[],0,0,0,0,0,0,0,0,0,0,-1,,,,,点击一键配置上场英雄
30,12,703,,[],109,1,ui_new/g_guide/TipsFinger.csb,Down,[0+0],0,,0,[0+0],0,,0,[0+0],0,0,0,[],0,0,0,0,0,0,0,0,0,0,-1,,,,,点击开始战斗
,,,,,,,,,,,,,,,,,,,,,,,,,,,,,,,,,,,,,
301,1,-1,,[],0,1,0,,[0+0],0,,0,[0+0],ui_new/g_guide/GuideTips2_L.csb,Normal,107,[0+0],1556,ui_new/s_story/Face_VillagerGirl.csb,Normal,[],0,0,0,2,0,0,0,0,0,0,-1,,,,,技能1提示倒计时2S
301,2,-1,,[],582,1,ui_new/g_guide/TipsFinger.csb,Down,[0+0],ui_new/g_guide/TipsArrow_2.csb,Left,0,[200+0],0,,0,[0+0],0,0,0,[],0,0,0,0,0,0,0,0,0,0,-1,,,,,高亮提示真人竞技按钮
301,3,-1,,[],0,1,0,,[0+0],0,,0,[0+0],ui_new/g_guide/GuideTips2_R.csb,Normal,108,[50+0],1556,ui_new/s_story/Face_VillagerGirl.csb,Normal,[],0,0,0,2,0,0,0,0,0,0,-1,,,,,【妮莎】
301,4,-1,,[],0,1,0,,[0+0],0,,0,[0+0],ui_new/g_guide/GuideTips2_L.csb,Normal,109,[-50+0],1556,ui_new/s_story/Face_VillagerGirl.csb,Normal,[],0,0,0,2,0,0,0,0,0,0,-1,,,,,【妮莎】
301,5,-1,,[],0,1,0,,[0+0],0,,0,[0+0],ui_new/g_guide/GuideTips2_R.csb,Normal,110,[50+0],1556,ui_new/s_story/Face_VillagerGirl.csb,Normal,[],0,0,0,2,0,0,0,0,0,0,-1,,,,,【妮莎】
301,6,0,,[],0,2,0,,[0+0],0,,0,[0+0],0,,0,[0+0],0,0,0,[],0,0,0,0,0,0,0,0,0,0,300,,,,,手动延时
301,7,0,,[],581,2,0,,[300+120],ui_new/g_guide/TipsArrow_2.csb,Down,0,[180+150],ui_new/g_guide/FightGuideTips_R.csb,Three,111,[30+50],1556,ui_new/s_story/Face_VillagerGirl.csb,Normal,[],0,0,0,2,ui_new/g_guide/FightMask.csb,Arena,0,0,0,0,1000,,,,,竞技场宝箱提示倒计时3S
301,8,0,,[],581,2,0,,[300+120],ui_new/g_guide/TipsArrow_2.csb,Down,0,[180+150],ui_new/g_guide/FightGuideTips_R.csb,Two,111,[30+50],1556,ui_new/s_story/Face_VillagerGirl.csb,Normal,[],0,0,0,2,-1,0,0,0,0,0,1000,,,,,竞技场宝箱提示倒计时2S
301,9,0,,[],581,2,0,,[300+120],ui_new/g_guide/TipsArrow_2.csb,Down,0,[180+150],ui_new/g_guide/FightGuideTips_R.csb,One,111,[30+50],1556,ui_new/s_story/Face_VillagerGirl.csb,Normal,[],0,0,0,2,-1,0,0,0,0,0,1000,,,,,竞技场宝箱提示倒计时1S
301,10,-1,,[],581,2,0,,[300+120],ui_new/g_guide/TipsArrow_2.csb,Down,0,[180+150],ui_new/g_guide/FightGuideTips_R.csb,Touch,111,[30+50],1556,ui_new/s_story/Face_VillagerGirl.csb,Normal,[],0,0,0,2,-1,0,0,0,0,0,-1,,,,,竞技场宝箱提示
,,,,,,,,,,,,,,,,,,,,,,,,,,,,,,,,,,,,,
302,1,703,,[],131,1,ui_new/g_guide/TipsFinger.csb,Down,[0+0],0,,0,[0+0],0,,0,[0+0],0,0,0,[],0,0,0,0,0,0,0,0,0,0,-1,,,,,点击大厅竞技场按钮
,,,,,,,,,,,,,,,,,,,,,,,,,,,,,,,,,,,,,
31,1,0,,[],0,2,0,,[0+0],0,,0,[0+0],0,,0,[0+0],0,0,0,[],0,0,0,0,0,0,0,0,0,0,200,,,,,手动延时
31,2,-1,,[],0,2,0,,[0+0],0,,0,[0+0],ui_new/g_guide/UnLockTips.csb,Open,644,[0+0],643,ui_new/g_guide/ButtonIcon/Instance.csb,Normal,[],0,0,0,0,0,0,0,0,0,0,-1,,51,0,0,金币试炼系统解锁动画
31,3,0,,[],0,2,0,,[0+0],0,,0,[0+0],0,,0,[0+0],0,0,0,[],0,0,0,0,0,0,0,0,0,0,300,,,,,手动延时
31,4,0,,[],134,2,ui_new/g_gamehall/g_gpub/AppearEffect.csb,Appear,[0+0],0,,0,[0+0],0,,0,[0+0],0,0,0,[],0,0,0,0,0,0,0,0,0,0,1330,,50,0,0,大厅试练按钮解锁动画
31,5,0,,[],0,2,0,,[0+0],0,,0,[0+0],0,,0,[0+0],0,0,0,[134],0,0,0,0,0,0,0,0,0,0,500,,,,,手动延时
31,6,703,,[],134,1,ui_new/g_guide/TipsFinger.csb,Down,[0+0],0,,0,[0+0],ui_new/g_guide/GuideTips2_L.csb,Normal,134,[0+0],1556,ui_new/s_story/Face_VillagerGirl.csb,Normal,[],0,0,0,0,0,0,0,0,0,0,-1,,,,,金币试练引导，引导点击大厅副本试炼按钮
31,7,0,,[],0,2,0,,[0+0],0,,0,[0+0],0,,0,[0+0],0,0,0,[],0,0,0,0,0,0,0,0,0,0,300,,,,,手动延时
31,8,701,7,[43],0,2,0,,[0+0],0,,0,[0+0],0,,0,[0+0],0,0,0,[],0,0,0,0,0,0,0,0,0,0,-1,,,,,等待副本界面出现
31,9,0,,[],0,2,0,,[0+0],0,,0,[0+0],0,,0,[0+0],0,0,0,[],0,0,0,0,0,0,0,0,0,0,300,,,,,手动延时
31,10,0,,[],526,2,ui_new/g_gamehall/g_gpub/AppearEffect.csb,Appear,[0+0],0,,0,[0+0],0,,0,[0+0],0,0,0,[],0,0,0,0,0,0,0,0,0,0,1330,,50,0,0,金币试练按钮解锁动画
31,11,0,,[],0,2,0,,[0+0],0,,0,[0+0],0,,0,[0+0],0,0,0,[526],0,0,0,0,0,0,0,0,0,0,300,,,,,手动延时
31,12,703,,[],526,1,ui_new/g_guide/TipsFinger.csb,Down,[0+0],0,,0,[0+0],0,,0,[0+0],0,0,0,[],0,0,0,0,0,0,0,0,0,0,-1,,,,,点击金币试炼按钮
,,,,,,,,,,,,,,,,,,,,,,,,,,,,,,,,,,,,,
,,,,,,,,,,,,,,,,,,,,,,,,,,,,,,,,,,,,,
33,1,0,,[],0,2,0,,[0+0],0,,0,[0+0],0,,0,[0+0],0,0,0,[],0,0,0,0,0,0,0,0,0,0,200,,,,,手动延时
33,2,-1,,[],0,2,0,,[0+0],0,,0,[0+0],ui_new/g_guide/UnLockTips.csb,Open,657,[0+0],656,ui_new/g_guide/ButtonIcon/Guild.csb,Normal,[],0,0,0,0,0,0,0,0,0,0,-1,,51,0,0,公会系统解锁动画
33,3,0,,[],0,2,0,,[0+0],0,,0,[0+0],0,,0,[0+0],0,0,0,[],0,0,0,0,0,0,0,0,0,0,300,,,,,手动延时
33,4,0,,[],133,2,ui_new/g_gamehall/g_gpub/AppearEffect.csb,Appear,[0+0],0,,0,[0+0],0,,0,[0+0],0,0,0,[],0,0,0,0,0,0,0,0,0,0,1330,,50,0,0,大厅公会按钮解锁动画
33,5,0,,[],0,2,0,,[0+0],0,,0,[0+0],0,,0,[0+0],0,0,0,[133+575],0,0,0,0,0,0,0,0,0,0,500,,,,,解锁按钮
33,6,-1,,[],0,2,0,,[0+0],0,,0,[0+0],ui_new/g_guide/GuideTips2_L.csb,Normal,237,[0+0],1556,ui_new/s_story/Face_VillagerGirl.csb,Normal,[],0,0,0,0,0,0,0,0,0,0,-1,,,,,公会系统解锁引导员对话
33,7,703,,[],133,1,ui_new/g_guide/TipsFinger.csb,Down,[0+0],0,,0,[0+0],0,,0,[0+0],0,0,0,[],0,0,0,0,0,0,0,0,0,0,-1,,,,,点击公会按钮
,,,,,,,,,,,,,,,,,,,,,,,,,,,,,,,,,,,,,
34,1,0,,[],0,2,0,,[0+0],0,,0,[0+0],0,,0,[0+0],0,0,0,[],0,0,0,0,0,0,0,0,0,0,200,,,,,手动延时
34,2,-1,,[],0,2,0,,[0+0],0,,0,[0+0],ui_new/g_guide/UnLockTips.csb,Open,655,[0+0],654,ui_new/g_guide/ButtonIcon/Smith.csb,Normal,[],0,0,0,0,0,0,0,0,0,0,-1,,51,0,0,铁匠铺系统解锁动画
34,3,0,,[],0,2,0,,[0+0],0,,0,[0+0],0,,0,[0+0],0,0,0,[],0,0,0,0,0,0,0,0,0,0,300,,,,,手动延时
34,4,0,,[],568,2,ui_new/g_gamehall/g_gpub/AppearEffect.csb,Appear,[0+0],0,,0,[0+0],0,,0,[0+0],0,0,0,[],0,0,0,0,0,0,0,0,0,0,1330,,50,0,0,铁匠铺按钮解锁动画
34,5,0,,[],0,2,0,,[0+0],0,,0,[0+0],0,,0,[0+0],0,0,0,[568+576],0,0,0,0,0,0,0,0,0,0,500,,,,,手动延时
34,6,-1,,[],0,2,0,,[0+0],0,,0,[0+0],ui_new/g_guide/GuideTips2_L.csb,Normal,236,[0+0],1556,ui_new/s_story/Face_VillagerGirl.csb,Normal,[],0,0,0,0,0,0,0,0,0,0,-1,,,,,铁匠铺解锁引导员对话
34,7,703,,[],568,1,ui_new/g_guide/TipsFinger.csb,Down,[0+0],0,,0,[0+0],0,,0,[0+0],0,0,0,[],0,0,0,0,0,0,0,0,0,0,-1,,,,,点击铁匠铺按钮
,,,,,,,,,,,,,,,,,,,,,,,,,,,,,,,,,,,,,
35,1,0,,[],0,2,0,,[0+0],0,,0,[0+0],0,,0,[0+0],0,0,0,[],0,0,0,0,0,0,0,0,0,0,200,,,,,手动延时
35,2,-1,,[],0,2,0,,[0+0],0,,0,[0+0],ui_new/g_guide/UnLockTips.csb,Open,645,[0+0],643,ui_new/g_guide/ButtonIcon/Instance.csb,Normal,[],0,0,0,0,0,0,0,0,0,0,-1,,51,0,0,英雄试炼系统解锁动画
35,3,0,,[],0,2,0,,[0+0],0,,0,[0+0],0,,0,[0+0],0,0,0,[],0,0,0,0,0,0,0,0,0,0,300,,,,,手动延时
35,4,703,,[],134,1,ui_new/g_guide/TipsFinger.csb,Down,[0+0],0,,0,[0+0],ui_new/g_guide/GuideTips2_L.csb,Normal,234,[0+0],1556,ui_new/s_story/Face_VillagerGirl.csb,Normal,[],0,0,0,0,0,0,0,0,0,0,-1,,,,,英雄试练引导，引导点击大厅副本试炼按钮
35,5,701,7,[43],0,2,0,,[0+0],0,,0,[0+0],0,,0,[0+0],0,0,0,[],0,0,0,0,0,0,0,0,0,0,-1,,,,,等待副本界面出现
35,6,0,,[],0,2,0,,[0+0],0,,0,[0+0],0,,0,[0+0],0,0,0,[],0,0,0,0,0,0,0,0,0,0,300,,,,,手动延时
35,7,0,,[],135,2,ui_new/g_gamehall/g_gpub/AppearEffect.csb,Appear,[0+0],0,,0,[0+0],0,,0,[0+0],0,0,0,[],0,0,0,0,0,0,0,0,0,0,1330,,50,0,0,英雄试练按钮解锁动画
35,8,0,,[],0,2,0,,[0+0],0,,0,[0+0],0,,0,[0+0],0,0,0,[135],0,0,0,0,0,0,0,0,0,0,500,,,,,手动延时
35,9,703,,[],135,1,ui_new/g_guide/TipsFinger.csb,Down,[0+0],0,,0,[0+0],0,,0,[0+0],0,0,0,[],0,0,0,0,0,0,0,0,0,0,-1,,,,,点击英雄试炼按钮
,,,,,,,,,,,,,,,,,,,,,,,,,,,,,,,,,,,,,
36,1,0,,[],0,2,0,,[0+0],0,,0,[0+0],0,,0,[0+0],0,0,0,[],0,0,0,0,0,0,0,0,0,0,200,,,,,手动延时
36,2,-1,,[],0,2,0,,[0+0],0,,0,[0+0],ui_new/g_guide/UnLockTips.csb,Open,646,[0+0],643,ui_new/g_guide/ButtonIcon/Instance.csb,Normal,[],0,0,0,0,0,0,0,0,0,0,-1,,51,0,0,爬塔试炼系统解锁动画
36,3,0,,[],0,2,0,,[0+0],0,,0,[0+0],0,,0,[0+0],0,0,0,[],0,0,0,0,0,0,0,0,0,0,300,,,,,手动延时
36,4,703,,[],134,1,ui_new/g_guide/TipsFinger.csb,Down,[0+0],0,,0,[0+0],ui_new/g_guide/GuideTips2_L.csb,Normal,235,[0+0],1556,ui_new/s_story/Face_VillagerGirl.csb,Normal,[],0,0,0,0,0,0,0,0,0,0,-1,,,,,爬塔试练引导，引导点击大厅副本试炼按钮
36,5,701,7,[43],0,2,0,,[0+0],0,,0,[0+0],0,,0,[0+0],0,0,0,[],0,0,0,0,0,0,0,0,0,0,-1,,,,,等待副本界面出现
36,6,0,,[],0,2,0,,[0+0],0,,0,[0+0],0,,0,[0+0],0,0,0,[],0,0,0,0,0,0,0,0,0,0,300,,,,,手动延时
36,7,0,,[],527,2,ui_new/g_gamehall/g_gpub/AppearEffect.csb,Appear,[0+0],0,,0,[0+0],0,,0,[0+0],0,0,0,[],0,0,0,0,0,0,0,0,0,0,1330,,50,0,0,爬塔试练按钮解锁动画
36,8,0,,[],0,2,0,,[0+0],0,,0,[0+0],0,,0,[0+0],0,0,0,[527],0,0,0,0,0,0,0,0,0,0,500,,,,,手动延时
36,9,703,,[],527,1,ui_new/g_guide/TipsFinger.csb,Down,[0+0],0,,0,[0+0],0,,0,[0+0],0,0,0,[],0,0,0,0,0,0,0,0,0,0,-1,,,,,点击爬塔试炼按钮
,,,,,,,,,,,,,,,,,,,,,,,,,,,,,,,,,,,,,
,,,,,,,,,,,,,,,,,,,,,,,,,,,,,,,,,,,,,
1101,1,0,,[],0,2,0,,[0+0],0,,0,[0+0],0,,0,[0+0],0,0,0,[],0,0,0,0,0,0,0,0,0,0,7500,,,,,手动延时
1101,2,0,,[],577,2,,,[50+170],ui_new/g_guide/TipsArrow_2.csb,Down,0,[0+230],ui_new/g_guide/FightGuideTips_R.csb,Three,4,[100+0],1556,ui_new/s_story/Face_VillagerGirl.csb,Normal,[],0,0,0,2,ui_new/g_guide/FightMask.csb,Gem3,0,0,0,0,1000,,,,,水晶升级提示倒计时3S
1101,3,0,,[],577,2,,,[50+170],ui_new/g_guide/TipsArrow_2.csb,Down,0,[0+230],ui_new/g_guide/FightGuideTips_R.csb,Two,4,[100+0],1556,ui_new/s_story/Face_VillagerGirl.csb,Normal,[],0,0,0,2,-1,0,0,0,0,0,1000,,,,,水晶升级提示倒计时2S
1101,4,0,,[],577,2,,,[50+170],ui_new/g_guide/TipsArrow_2.csb,Down,0,[0+230],ui_new/g_guide/FightGuideTips_R.csb,One,4,[100+0],1556,ui_new/s_story/Face_VillagerGirl.csb,Normal,[],0,0,0,2,-1,0,0,0,0,0,1000,,,,,水晶升级提示倒计时1S
1101,5,-1,,[],577,2,,,[50+170],ui_new/g_guide/TipsArrow_2.csb,Down,0,[0+230],ui_new/g_guide/FightGuideTips_R.csb,Touch,4,[100+0],1556,ui_new/s_story/Face_VillagerGirl.csb,Normal,[],0,0,0,2,-1,0,0,0,0,0,-1,,,,,水晶升级提示
1101,6,0,,[],0,2,0,,[0+0],0,,0,[0+0],0,,0,[0+0],0,0,0,[],0,0,0,0,1,0,0,0,0,0,500,,,,,手动延时
1101,7,5,,[],111,1,ui_new/g_guide/TipsFinger.csb,Down,[0+0],ui_new/g_guide/GuideTips6.csb,DL,12,[220+60],0,,0,[0+0],0,0,0,[],0,0,0,2,1,0,0,0,0,0,-1,,,,,点击升级水晶
1101,8,0,,[],0,2,0,,[0+0],0,,0,[0+0],0,,0,[0+0],0,0,0,[],0,0,0,0,1,0,0,0,0,0,3000,,,,,手动延时
1101,9,0,,[],114,2,,,[130+-150],ui_new/g_guide/TipsArrow_2.csb,Up,0,[0+-150],ui_new/g_guide/FightGuideTips_L.csb,Two,13,[30+-60],1556,ui_new/s_story/Face_VillagerGirl.csb,Normal,[],0,0,0,2,ui_new/g_guide/FightMask.csb,Skill2,0,0,0,0,1000,,,,,技能提示倒计时2S
1101,10,0,,[],114,2,,,[130+-150],ui_new/g_guide/TipsArrow_2.csb,Up,0,[0+-150],ui_new/g_guide/FightGuideTips_L.csb,One,13,[30+-60],1556,ui_new/s_story/Face_VillagerGirl.csb,Normal,[],0,0,0,2,-1,0,0,0,0,0,1000,,,,,技能提示倒计时1S
1101,11,-1,,[],114,2,,,[130+-150],ui_new/g_guide/TipsArrow_2.csb,Up,0,[0+-150],ui_new/g_guide/FightGuideTips_L.csb,Touch,13,[30+-60],1556,ui_new/s_story/Face_VillagerGirl.csb,Normal,[],0,0,0,2,-1,0,0,0,0,0,-1,,,,,技能1提示
1101,12,0,,[],0,2,0,,[0+0],0,,0,[0+0],0,,0,[0+0],0,0,0,[],0,0,0,0,1,0,0,0,0,0,100,,,,,手动延时
1101,13,0,,[],113,2,ui_new/g_guide/TipsFinger.csb,Down,[0+0],ui_new/g_guide/TipsArrow_2.csb,Up,0,[0+-110],ui_new/g_guide/FightGuideTips_R.csb,Two,100103,[30+-30],1556,ui_new/s_story/Face_VillagerGirl.csb,Normal,[],0,0,0,2,ui_new/g_guide/FightMask.csb,Skill1,0,0,0,0,1000,,,,,技能1提示倒计时2S
1101,14,0,,[],113,2,ui_new/g_guide/TipsFinger.csb,Down,[0+0],ui_new/g_guide/TipsArrow_2.csb,Up,0,[0+-110],ui_new/g_guide/FightGuideTips_R.csb,One,100103,[30+-30],1556,ui_new/s_story/Face_VillagerGirl.csb,Normal,[],0,0,0,2,-1,0,0,0,0,0,1000,,,,,技能1提示倒计时1S
1101,15,-1,,[],113,2,ui_new/g_guide/TipsFinger.csb,Down,[0+0],ui_new/g_guide/TipsArrow_2.csb,Up,0,[0+-110],ui_new/g_guide/FightGuideTips_R.csb,Touch,100103,[30+-30],1556,ui_new/s_story/Face_VillagerGirl.csb,Normal,[],0,0,0,2,-1,0,0,0,0,0,-1,,,,,技能1提示
1101,16,4,,[],113,1,ui_new/g_guide/TipsFinger.csb,Down,[0+0],ui_new/g_guide/GuideTips6.csb,UL,3,[150+-100],0,,0,[0+0],0,0,0,[],0,0,0,2,1,0,0,0,0,0,-1,,,,,点击释放召唤师技能1
,,,,,,,,,,,,,,,,,,,,,,,,,,,,,,,,,,,,,
11011,1,0,,[],0,0,0,,[0+0],0,,0,[0+0],0,,0,[0+0],0,0,0,[],0,0,0,0,1,0,0,0,0,0,100,,,,,第1关结束打点引导
,,,,,,,,,,,,,,,,,,,,,,,,,,,,,,,,,,,,,
1102,1,0,,[],0,2,0,,[0+0],0,,0,[0+0],0,,0,[0+0],0,0,0,[],0,0,0,0,0,0,0,0,0,0,7000,,,,,手动延时
1102,2,0,,[],0,2,0,,[0+0],0,,0,[0+0],ui_new/g_guide/cardintro/CardIntro_30300.csb,Three,110201,[0+0],0,0,0,[],0,0,0,1,-1,0,0,0,0,0,1000,,,,,保护小鹿版画（强制一秒）
1102,3,0,,[],0,2,0,,[0+0],0,,0,[0+0],ui_new/g_guide/cardintro/CardIntro_30300.csb,Two,110201,[0+0],0,0,0,[],0,0,0,1,-1,0,0,0,0,0,1000,,,,,保护小鹿版画（强制一秒）
1102,4,0,,[],0,2,0,,[0+0],0,,0,[0+0],ui_new/g_guide/cardintro/CardIntro_30300.csb,One,110201,[0+0],0,0,0,[],0,0,0,1,-1,0,0,0,0,0,1000,,,,,保护小鹿版画（强制一秒）
1102,5,-1,,[],0,2,0,,[0+0],0,,0,[0+0],ui_new/g_guide/cardintro/CardIntro_30300.csb,Touch,110201,[0+0],0,0,0,[],0,0,0,1,-1,0,0,0,0,0,-1,,,,,保护小鹿版画
1102,6,0,,[],0,0,0,,[0+0],0,,0,[0+0],ui_new/g_guide/GuideTips7.csb,DL,110202,[270+410],0,0,0,[],0,0,0,0,1,0,0,0,0,0,5000,,,,,盾妹对话框
1102,7,0,,[],0,0,0,,[0+0],0,,0,[0+0],ui_new/g_guide/GuideTips6.csb,DL,149,[665+180],0,0,0,[],0,0,0,0,1,0,0,0,0,0,5000,,,,,小鹿提示框
,,,,,,,,,,,,,,,,,,,,,,,,,,,,,,,,,,,,,
11021,1,0,,[],0,0,0,,[0+0],0,,0,[0+0],0,,0,[0+0],0,0,0,[],0,0,0,0,1,0,0,0,0,0,100,,,,,第2关结束打点引导
,,,,,,,,,,,,,,,,,,,,,,,,,,,,,,,,,,,,,
1103,1,0,,[],0,1,0,,[0+0],0,,0,[0+0],0,,0,[0+0],0,0,0,[],0,0,104,1,ui_new/s_story/story_forest.csb,story_guard,1,0,0,0,100,,,,,镜头：移动至我方召唤师
1103,2,-1,,[],0,1,0,,[0+0],0,,0,[0+0],ui_new/s_story/TalkPanel_L.csb,Appear,110301,[0+0],1505,ui_new/s_story/Face_Leo.csb,face_Leo_thinking,[],0,0,0,1,-1,0,0,0,0,0,-1,,55,0,0,【莱奥】
1103,3,-1,,[],0,1,0,,[0+0],0,,0,[0+0],ui_new/s_story/TalkPanel_R.csb,Appear,110302,[0+0],1534,ui_new/s_story/Face_Assassin.csb,face_assassin,[],0,0,0,1,-1,0,0,0,0,0,-1,,55,0,0,【奥若拉】
1103,4,-1,,[],0,1,0,,[0+0],0,,0,[0+0],ui_new/s_story/TalkPanel_L.csb,Appear,110303,[0+0],1505,ui_new/s_story/Face_Leo.csb,face_Leo_sigh,[],0,0,0,1,-1,0,0,0,0,0,-1,,55,0,0,【莱奥】
1103,5,0,,[],0,2,0,,[0+0],0,,0,[0+0],0,,0,[0+0],0,0,0,[],0,0,103,1,1,0,0,0,0,0,2000,,,,,镜头：移动至BOSS
1103,6,0,,[],0,2,0,,[0+0],0,,0,[0+0],0,,0,[0+0],0,0,0,[],0,0,104,1,1,0,0,0,0,0,2000,,,,,镜头：移动至我方召唤师
1103,7,0,,[],0,2,0,,[0+0],0,,0,[0+0],0,,0,[0+0],0,0,0,[],0,0,5,1,1,0,0,0,0,0,2000,,,,,镜头：拉到最大
1103,8,0,,[],0,0,0,,[0+0],0,,0,[0+0],0,,0,[0+0],0,0,0,[],0,0,0,0,1,0,0,0,0,0,2000,,,,,手动延时
1103,9,0,,[],0,0,0,,[0+0],0,,0,[0+0],ui_new/g_guide/GuideTips6.csb,DL,150,[800+180],0,0,0,[],0,0,0,0,1,0,0,0,0,0,5000,,,,,盾妹提示框
,,,,,,,,,,,,,,,,,,,,,,,,,,,,,,,,,,,,,
11031,1,0,,[],0,0,0,,[0+0],0,,0,[0+0],0,,0,[0+0],0,0,0,[],0,0,0,0,1,0,0,0,0,0,100,,,,,第3关结束打点引导
,,,,,,,,,,,,,,,,,,,,,,,,,,,,,,,,,,,,,
1104,1,0,,[],0,1,0,,[0+0],0,,0,[0+0],0,,0,[0+0],0,0,0,[],0,0,104,1,ui_new/s_story/story_village.csb,0,1,0,0,0,100,,,,,干掉开场镜头
1104,2,-1,,[],0,1,0,,[0+0],0,,0,[0+0],ui_new/s_story/TalkPanel_L.csb,Appear,110404,[0+0],1505,ui_new/s_story/Face_Leo.csb,face_Leo_smile,[],0,0,0,1,-1,0,0,0,0,0,-1,,55,0,0,【莱奥】
1104,3,-1,,[],0,1,0,,[0+0],0,,0,[0+0],ui_new/s_story/TalkPanel_R.csb,Appear,110405,[0+0],1508,ui_new/s_story/Face_Villagehead.csb,Angry,[],0,0,0,1,-1,0,0,0,0,0,-1,,55,0,0,【村长】
1104,4,0,,[],0,2,0,,[0+0],0,,0,[0+0],0,,0,[0+0],0,0,0,[],0,0,103,1,1,0,0,0,0,0,2000,,,,,镜头：移动至BOSS
1104,5,0,,[],0,2,0,,[0+0],0,,0,[0+0],0,,0,[0+0],0,0,0,[],0,0,104,1,1,0,0,0,0,0,2000,,,,,镜头：移动至我方召唤师
1104,6,0,,[],0,2,0,,[0+0],0,,0,[0+0],0,,0,[0+0],0,0,0,[],0,0,5,1,1,0,0,0,0,0,2000,,,,,镜头：拉到最大
1104,7,0,,[],0,2,0,,[0+0],0,,0,[0+0],0,,0,[0+0],0,0,0,[],0,0,0,0,0,0,0,0,0,0,100,,,,,手动延时
1104,8,0,,[],0,2,0,,[0+0],0,,0,[0+0],ui_new/g_guide/cardintro/CardIntro_10900.csb,Three,110401,[0+0],0,0,0,[],0,0,0,1,-1,0,0,0,0,0,1000,,,,,牧师版画（强制一秒）
1104,9,0,,[],0,2,0,,[0+0],0,,0,[0+0],ui_new/g_guide/cardintro/CardIntro_10900.csb,Two,110401,[0+0],0,0,0,[],0,0,0,1,-1,0,0,0,0,0,1000,,,,,牧师版画（强制一秒）
1104,10,0,,[],0,2,0,,[0+0],0,,0,[0+0],ui_new/g_guide/cardintro/CardIntro_10900.csb,One,110401,[0+0],0,0,0,[],0,0,0,1,-1,0,0,0,0,0,1000,,,,,牧师版画（强制一秒）
1104,11,-1,,[],0,2,0,,[0+0],0,,0,[0+0],ui_new/g_guide/cardintro/CardIntro_10900.csb,Touch,110401,[0+0],0,0,0,[],0,0,0,1,-1,0,0,0,0,0,-1,,,,,牧师版画
1104,12,0,,[],0,0,0,,[0+0],0,,0,[0+0],0,,0,[0+0],0,0,0,[],0,0,0,0,1,0,0,0,0,0,4000,,,,,手动延时
1104,13,0,,[],0,0,0,,[0+0],0,,0,[0+0],ui_new/g_guide/GuideTips7.csb,DL,110403,[330+410],0,0,0,[],0,0,0,0,1,0,0,0,0,0,5000,,,,,牧师对话框
,,,,,,,,,,,,,,,,,,,,,,,,,,,,,,,,,,,,,
11041,1,0,,[],0,0,0,,[0+0],0,,0,[0+0],0,,0,[0+0],0,0,0,[],0,0,0,0,1,0,0,0,0,0,100,,,,,第四关结束打点引导
,,,,,,,,,,,,,,,,,,,,,,,,,,,,,,,,,,,,,
11042,1,-1,,[],0,1,0,,[0+0],0,,0,[0+0],ui_new/s_story/TalkPanel_R.csb,Appear,110406,[0+0],1508,ui_new/s_story/Face_Villagehead.csb,Normal,[],0,0,0,1,-1,0,0,0,0,0,-1,,55,0,0,【村长】
11042,2,-1,,[],0,1,0,,[0+0],0,,0,[0+0],ui_new/s_story/TalkPanel_L.csb,Appear,110407,[0+0],1505,ui_new/s_story/Face_Leo.csb,Eat,[],0,0,0,1,-1,0,0,0,0,0,-1,,55,0,0,【莱奥】
11042,3,-1,,[],0,1,0,,[0+0],0,,0,[0+0],ui_new/s_story/TalkPanel_R.csb,Appear,110408,[0+0],1508,ui_new/s_story/Face_Villagehead.csb,Awkward,[],0,0,0,1,-1,0,0,0,0,0,-1,,55,0,0,【村长】
,,,,,,,,,,,,,,,,,,,,,,,,,,,,,,,,,,,,,
1105,1,0,,[],0,1,0,,[0+0],0,,0,[0+0],0,,0,[0+0],0,0,0,[],0,0,104,1,ui_new/s_story/story_forest.csb,story_guard,1,0,0,0,100,,,,,镜头：移动至我方召唤师
1105,2,-1,,[],0,1,0,,[0+0],0,,0,[0+0],ui_new/s_story/TalkPanel_R.csb,Appear,110502,[0+0],1534,ui_new/s_story/Face_Assassin.csb,face_assassin,[],0,0,0,1,-1,0,0,0,0,0,-1,,55,0,0,【奥若拉】
1105,3,-1,,[],0,1,0,,[0+0],0,,0,[0+0],ui_new/s_story/TalkPanel_L.csb,Appear,110503,[0+0],1505,ui_new/s_story/Face_Leo.csb,face_Leo_sigh,[],0,0,0,1,-1,0,0,0,0,0,-1,,55,0,0,【莱奥】
1105,4,0,,[],0,2,0,,[0+0],0,,0,[0+0],0,,0,[0+0],0,0,0,[],0,0,103,1,1,0,0,0,0,0,2000,,,,,镜头：移动至BOSS
1105,5,0,,[],0,2,0,,[0+0],0,,0,[0+0],0,,0,[0+0],0,0,0,[],0,0,104,1,1,0,0,0,0,0,2000,,,,,镜头：移动至我方召唤师
1105,6,0,,[],0,2,0,,[0+0],0,,0,[0+0],0,,0,[0+0],0,0,0,[],0,0,5,1,1,0,0,0,0,0,2000,,,,,镜头：拉到最大
1105,7,0,,[],0,2,0,,[0+0],0,,0,[0+0],0,,0,[0+0],0,0,0,[],0,0,0,0,0,0,0,0,0,0,1000,,,,,手动延时
1105,8,0,,[],0,2,0,,[0+0],0,,0,[0+0],ui_new/g_guide/cardintro/CardIntro_10300.csb,Three,110501,[0+0],0,0,0,[],0,0,0,1,-1,0,0,0,0,0,1000,,,,,盗贼潜行版画（强制一秒）
1105,9,0,,[],0,2,0,,[0+0],0,,0,[0+0],ui_new/g_guide/cardintro/CardIntro_10300.csb,Two,110501,[0+0],0,0,0,[],0,0,0,1,-1,0,0,0,0,0,1000,,,,,盗贼潜行版画（强制一秒）
1105,10,0,,[],0,2,0,,[0+0],0,,0,[0+0],ui_new/g_guide/cardintro/CardIntro_10300.csb,One,110501,[0+0],0,0,0,[],0,0,0,1,-1,0,0,0,0,0,1000,,,,,盗贼潜行版画（强制一秒）
1105,11,-1,,[],0,2,0,,[0+0],0,,0,[0+0],ui_new/g_guide/cardintro/CardIntro_10300.csb,Touch,110501,[0+0],0,0,0,[],0,0,0,1,-1,0,0,0,0,0,-1,,,,,盗贼潜行版画
,,,,,,,,,,,,,,,,,,,,,,,,,,,,,,,,,,,,,
11051,1,0,,[],0,0,0,,[0+0],0,,0,[0+0],0,,0,[0+0],0,0,0,[],0,0,0,0,1,0,0,0,0,0,100,,,,,第五关结束打点引导
,,,,,,,,,,,,,,,,,,,,,,,,,,,,,,,,,,,,,
11052,1,0,,[],0,1,0,,[0+0],0,,0,[0+0],0,,0,[0+0],0,0,0,[],0,0,0,0,0,0,0,0,0,0,500,,,,,手动延时
11052,2,-1,,[],0,1,0,,[0+0],0,,0,[0+0],ui_new/s_story/TalkPanel_R.csb,Appear,110504,[0+0],1534,ui_new/s_story/Face_Assassin.csb,face_assassin,[],0,0,0,1,-1,0,0,0,0,0,-1,,55,0,0,【奥若拉】
,,,,,,,,,,,,,,,,,,,,,,,,,,,,,,,,,,,,,
1106,1,0,,[],0,1,0,,[0+0],0,,0,[0+0],0,,0,[0+0],0,0,0,[],0,0,104,1,0,0,1,0,0,0,100,,,,,镜头：移动至我方召唤师
1106,2,-1,,[],0,1,0,,[0+0],0,,0,[0+0],ui_new/s_story/TalkPanel_R.csb,Appear,110601,[0+0],1508,ui_new/s_story/Face_Villagehead.csb,Normal,[],0,0,0,1,-1,0,0,0,0,0,-1,,55,0,0,【村长】
1106,3,-1,,[],0,1,0,,[0+0],0,,0,[0+0],ui_new/s_story/TalkPanel_L.csb,Normal,110602,[0+0],1505,ui_new/s_story/Face_Leo.csb,face_Leo_amazed,[],0,0,0,1,-1,0,0,0,0,0,-1,,55,0,0,【莱奥】
1106,4,-1,,[],0,1,0,,[0+0],0,,0,[0+0],ui_new/s_story/TalkPanel_R.csb,Appear,110603,[0+0],1508,ui_new/s_story/Face_Villagehead.csb,Awkward,[],0,0,0,1,-1,0,0,0,0,0,-1,,55,0,0,【村长】
1106,5,-1,,[],0,1,0,,[0+0],0,,0,[0+0],ui_new/s_story/TalkPanel_L.csb,Normal,110604,[0+0],1505,ui_new/s_story/Face_Leo.csb,face_Leo_scare,[],0,0,0,1,-1,0,0,0,0,0,-1,,55,0,0,【莱奥】
1106,6,0,,[],0,2,0,,[0+0],0,,0,[0+0],0,,0,[0+0],0,0,0,[],0,0,103,1,0,0,0,0,0,0,2000,,,,,镜头：移动至BOSS
1106,7,0,,[],0,2,0,,[0+0],0,,0,[0+0],0,,0,[0+0],0,0,0,[],0,0,104,1,0,0,0,0,0,0,2000,,,,,镜头：移动至我方召唤师
1106,8,0,,[],0,2,0,,[0+0],0,,0,[0+0],0,,0,[0+0],0,0,0,[],0,0,5,1,0,0,0,0,0,0,2000,,,,,镜头：拉到最大
,,,,,,,,,,,,,,,,,,,,,,,,,,,,,,,,,,,,,
11061,1,0,,[],0,0,0,,[0+0],0,,0,[0+0],0,,0,[0+0],0,0,0,[],0,0,0,0,1,0,0,0,0,0,100,,,,,第6关结束打点引导
,,,,,,,,,,,,,,,,,,,,,,,,,,,,,,,,,,,,,
11062,1,-1,,[],0,1,0,,[0+0],0,,0,[0+0],ui_new/s_story/TalkPanel_L.csb,Appear,110605,[0+0],1505,ui_new/s_story/Face_Leo.csb,Mad,[],0,0,0,0,0,0,0,0,0,0,-1,,55,0,0,莱奥
11062,2,-1,,[],0,1,0,,[0+0],0,,0,[0+0],ui_new/s_story/TalkPanel_R.csb,Appear,110606,[0+0],1503,ui_new/s_story/FireWizard.csb,Pic1,[],0,0,0,0,0,0,0,0,0,0,-1,,55,0,0,火法
11062,3,-1,,[],0,1,0,,[0+0],0,,0,[0+0],ui_new/s_story/TalkPanel_L.csb,Appear,110607,[0+0],1505,ui_new/s_story/Face_Leo.csb,face_Leo_speechless,[],0,0,0,0,0,0,0,0,0,0,-1,,55,0,0,莱奥
11062,4,-1,,[],0,1,0,,[0+0],0,,0,[0+0],ui_new/s_story/TalkPanel_R.csb,Appear,110608,[0+0],1503,ui_new/s_story/FireWizard.csb,Pic1,[],0,0,0,0,0,0,0,0,0,0,-1,,55,0,0,火法
,,,,,,,,,,,,,,,,,,,,,,,,,,,,,,,,,,,,,
1107,1,0,,[],0,0,0,,[0+0],0,,0,[0+0],0,,0,[0+0],0,0,0,[],0,0,0,0,1,0,0,0,0,0,100,,,,,第七关开场打点
,,,,,,,,,,,,,,,,,,,,,,,,,,,,,,,,,,,,,
11071,1,0,,[],0,0,0,,[0+0],0,,0,[0+0],0,,0,[0+0],0,0,0,[],0,0,0,0,1,0,0,0,0,0,100,,,,,第七关结束打点引导
,,,,,,,,,,,,,,,,,,,,,,,,,,,,,,,,,,,,,
1108,1,0,,[],0,1,0,,[0+0],0,,0,[0+0],0,,0,[0+0],0,0,0,[],0,0,104,1,ui_new/s_story/story_site.csb,story_guard,1,0,0,0,100,,,,,镜头：移动至我方召唤师
1108,2,-1,,[],0,1,0,,[0+0],0,,0,[0+0],ui_new/s_story/TalkPanel_L.csb,Appear,110801,[0+0],1505,ui_new/s_story/Face_Leo.csb,face_Leo_speechless,[],0,0,0,1,-1,0,0,0,0,0,-1,,,,,莱奥：是我的错觉吗？总感觉这树林里好像有人的样子……
1108,3,-1,,[],0,1,0,,[0+0],0,,0,[0+0],ui_new/s_story/TalkPanel_L.csb,Appear,110802,[0+0],1510,ui_new/s_story/Face_Erica.csb,face_Erica_angry,[],0,0,0,1,-1,0,0,0,0,0,-1,,,,,艾丽卡：放开我！我父王不会放过你的！
1108,4,-1,,[],0,1,0,,[0+0],0,,0,[0+0],ui_new/s_story/TalkPanel_R.csb,Appear,110803,[0+0],1546,ui_new/s_story/Face_TombRobber.csb,face_TombRobber,[],0,0,0,1,-1,0,0,0,0,0,-1,,,,,掘墓者：我现在就挖个坑把你埋了，看谁还能救你！
1108,5,-1,,[],0,1,0,,[0+0],0,,0,[0+0],ui_new/s_story/TalkPanel_L.csb,Appear,110804,[0+0],1510,ui_new/s_story/Face_Erica.csb,face_Erica_angry,[],0,0,0,1,-1,0,0,0,0,0,-1,,,,,艾丽卡：你要干什么？快放开我！
1108,6,-1,,[],0,1,0,,[0+0],0,,0,[0+0],ui_new/s_story/TalkPanel_L.csb,Appear,110805,[0+0],1505,ui_new/s_story/Face_Leo.csb,face_Leo_scare,[],0,0,0,1,-1,0,0,0,0,0,-1,,,,,莱奥：住手！欺负一个弱女子，真是卑鄙！
1108,7,-1,,[],0,1,0,,[0+0],0,,0,[0+0],ui_new/s_story/TalkPanel_R.csb,Appear,110806,[0+0],1546,ui_new/s_story/Face_TombRobber.csb,face_TombRobber,[],0,0,0,1,-1,0,0,0,0,0,-1,,,,,掘墓者：哪来的黄毛小子！把你也一起埋了！
1108,8,0,,[],0,2,0,,[0+0],0,,0,[0+0],0,,0,[0+0],0,0,0,[],0,0,103,1,1,0,0,0,0,0,2000,,,,,镜头：移动至BOSS
1108,9,0,,[],0,2,0,,[0+0],0,,0,[0+0],0,,0,[0+0],0,0,0,[],0,0,104,1,1,0,0,0,0,0,2000,,,,,镜头：移动至我方召唤师
1108,10,0,,[],0,2,0,,[0+0],0,,0,[0+0],0,,0,[0+0],0,0,0,[],0,0,5,1,1,0,0,0,0,0,2000,,,,,镜头：拉到最大
,,,,,,,,,,,,,,,,,,,,,,,,,,,,,,,,,,,,,
11081,1,0,,[],0,0,0,,[0+0],0,,0,[0+0],0,,0,[0+0],0,0,0,[],0,0,0,0,1,0,0,0,0,0,100,,,,,第八关结束打点引导
,,,,,,,,,,,,,,,,,,,,,,,,,,,,,,,,,,,,,
11082,1,-1,,[],0,1,0,,[0+0],0,,0,[0+0],ui_new/s_story/TalkPanel_L.csb,Appear,110807,[0+0],1505,ui_new/s_story/Face_Leo.csb,face_Leo_serious,[],0,0,0,1,ui_new/s_story/story_site.csb,story_guard,0,0,0,0,-1,,,,,莱奥：你一个女孩子怎么跑来这种地方？而且穿的好奇怪！
11082,2,-1,,[],0,1,0,,[0+0],0,,0,[0+0],ui_new/s_story/TalkPanel_R.csb,Appear,110808,[0+0],1510,ui_new/s_story/Face_Erica.csb,face_Erica_normal,[],0,0,0,1,-1,0,0,0,0,0,-1,,,,,艾丽卡：我是塔玛拉的艾丽卡，是来亚特兰旅游的！
11082,3,-1,,[],0,1,0,,[0+0],0,,0,[0+0],ui_new/s_story/TalkPanel_L.csb,Appear,110809,[0+0],1505,ui_new/s_story/Face_Leo.csb,face_Leo_sigh,[],0,0,0,1,-1,0,0,0,0,0,-1,,,,,莱奥：真是奇怪的家伙，我还要赶路去魔法学院，先告辞了！
11082,4,-1,,[],0,1,0,,[0+0],0,,0,[0+0],ui_new/s_story/TalkPanel_R.csb,Appear,110810,[0+0],1510,ui_new/s_story/Face_Erica.csb,face_Erica_amazed,[],0,0,0,1,-1,0,0,0,0,0,-1,,,,,艾丽卡：魔法学院？等一下！魔法学院好玩吗？
11082,5,-1,,[],0,1,0,,[0+0],0,,0,[0+0],ui_new/s_story/TalkPanel_L.csb,Appear,110811,[0+0],1505,ui_new/s_story/Face_Leo.csb,face_Leo_thinking,[],0,0,0,1,-1,0,0,0,0,0,-1,,,,,莱奥：好玩？嗯……就是个学习各种魔法的地方，你要去干什么？
11082,6,-1,,[],0,1,0,,[0+0],0,,0,[0+0],ui_new/s_story/TalkPanel_R.csb,Appear,110812,[0+0],1510,ui_new/s_story/Face_Erica.csb,face_Erica_normal,[],0,0,0,1,-1,0,0,0,0,0,-1,,,,,艾丽卡：学习各种魔法！？这么有趣的地方肯定很好玩！快走快走！
11082,7,-1,,[],0,1,0,,[0+0],0,,0,[0+0],ui_new/s_story/TalkPanel_L.csb,Appear,110813,[0+0],1505,ui_new/s_story/Face_Leo.csb,face_Leo_amazed,[],0,0,0,1,-1,0,0,0,0,0,-1,,,,,莱奥：哎？你别拉我！不是走这边啊~！
,,,,,,,,,,,,,,,,,,,,,,,,,,,,,,,,,,,,,
1109,1,0,,[],0,0,0,,[0+0],0,,0,[0+0],0,,0,[0+0],0,0,0,[],0,0,0,0,1,0,0,0,0,0,100,,,,,第9关开场打点
11091,1,0,,[],0,0,0,,[0+0],0,,0,[0+0],0,,0,[0+0],0,0,0,[],0,0,0,0,1,0,0,0,0,0,100,,,,,第9关结束打点引导
,,,,,,,,,,,,,,,,,,,,,,,,,,,,,,,,,,,,,
1110,1,0,,[],0,0,0,,[0+0],0,,0,[0+0],0,,0,[0+0],0,0,0,[],0,0,0,0,1,0,0,0,0,0,100,,,,,第10关开场打点
11101,1,0,,[],0,0,0,,[0+0],0,,0,[0+0],0,,0,[0+0],0,0,0,[],0,0,0,0,1,0,0,0,0,0,100,,,,,第10关结束打点引导
,,,,,,,,,,,,,,,,,,,,,,,,,,,,,,,,,,,,,
1111,1,0,,[],0,0,0,,[0+0],0,,0,[0+0],0,,0,[0+0],0,0,0,[],0,0,0,0,1,0,0,0,0,0,100,,,,,第11关开场打点
11111,1,0,,[],0,0,0,,[0+0],0,,0,[0+0],0,,0,[0+0],0,0,0,[],0,0,0,0,1,0,0,0,0,0,100,,,,,第11关结束打点引导
,,,,,,,,,,,,,,,,,,,,,,,,,,,,,,,,,,,,,
1112,1,0,,[],0,0,0,,[0+0],0,,0,[0+0],0,,0,[0+0],0,0,0,[],0,0,0,0,1,0,0,0,0,0,100,,,,,第12关开场打点
11121,1,0,,[],0,0,0,,[0+0],0,,0,[0+0],0,,0,[0+0],0,0,0,[],0,0,0,0,1,0,0,0,0,0,100,,,,,第12关结束打点引导
,,,,,,,,,,,,,,,,,,,,,,,,,,,,,,,,,,,,,
1113,1,0,,[],0,0,0,,[0+0],0,,0,[0+0],0,,0,[0+0],0,0,0,[],0,0,0,0,1,0,0,0,0,0,100,,,,,第13关开场打点
11131,1,0,,[],0,0,0,,[0+0],0,,0,[0+0],0,,0,[0+0],0,0,0,[],0,0,0,0,1,0,0,0,0,0,100,,,,,第13关结束打点引导
,,,,,,,,,,,,,,,,,,,,,,,,,,,,,,,,,,,,,
1114,1,0,,[],0,0,0,,[0+0],0,,0,[0+0],0,,0,[0+0],0,0,0,[],0,0,0,0,1,0,0,0,0,0,100,,,,,第14关开场打点
11141,1,0,,[],0,0,0,,[0+0],0,,0,[0+0],0,,0,[0+0],0,0,0,[],0,0,0,0,1,0,0,0,0,0,100,,,,,第14关结束打点引导
,,,,,,,,,,,,,,,,,,,,,,,,,,,,,,,,,,,,,
1115,1,0,,[],0,0,0,,[0+0],0,,0,[0+0],0,,0,[0+0],0,0,0,[],0,0,0,0,1,0,0,0,0,0,100,,,,,第15关开场打点
11151,1,0,,[],0,0,0,,[0+0],0,,0,[0+0],0,,0,[0+0],0,0,0,[],0,0,0,0,1,0,0,0,0,0,100,,,,,第15关结束打点引导
